The Boxing Cats,W.K.L. Dickson & William Heise,1894,61,t
Edison Kinetoscopic Record of a Sneeze,W.K.L. Dickson & William Heise,1894,56,t
Caicedo (with Pole),W.K.L. Dickson & William Heise,1894,58,t
The Barbershop,W.K.L. Dickson & William Heise,1894,59,t
Carmencita,W.K.L. Dickson & William Heise,1894,60,t
Sandow,W.K.L. Dickson & William Heise,1894,58,t
Swimming in the Sea,Louis Lumière,1895,68,t
The Sack Race,Louis Lumière,1895,66,t
Childish Quarrel,Louis Lumière,1895,61,t
Serpentine Dance,W.K.L. Dickson & William Heise,1895,58,t
"Russia: Moscow, Tverskaïa Street",Francis Doublier & Charles Moisson,1896,67,t
Paris: Champs-élysées,Lumière,1896,66,t
Promenade of Ostriches,Lumière,1896,63,t
"Arab Cortege, Geneva",Alexandre Promio,1896,63,t
Constantinople: View of the Come d'Or,Alexandre Promio,1896,60,t
London: Arrival of the Cinématograph,Lumière,1896,59,t
Hitched to a Truck (The Stonecarver's Team),Lumière,1896,59,t
The Nanny and the Soldier,Lumière,1896,58,t
A Fire Run (Lyon),Lumière,1896,57,t
Poultry-yard,Lumière,1896,55,t
Serpentine Dance by Annabell,William Heise,1896,49,t
Baby's First Steps,Louis Lumière,1897,69,t
Pillow Fight (No. 2),Lumière,1897,69,t
The Happy Skeleton,Lumière,1897,68,t
The Lover in the Bag,Georges Hatot,1897,67,t
Mattress-makers' Quarrel,Georges Hatot,1897,60,t
Automobile Accident,Lumière,1897,59,t
The Music-loving Sawyer,Georges Hatot,1897,58,t
Niagara Falls,Felix Mesguich,1897,57,t
Admiral Cigarette,William Heise,1897,56,t
Pie Eating Contest,Edison,1897,54,t
The Bitter Bit,Bamforth and Company,1897,52,t
Dewars Scotch Whiskey,International Film Co.,1897,49,t
President McKinley at Home,W.K.L. Dickson,1897,45,t
Leander Sisters,Frederick Blechynden,1897,44,t
Cattle Driven to Slaughter,William Heise,1897,43,t
The Four Troublesome Heads,Georges Méliès,1898,69,t
"Turkish Dance, Ella Lola",Edison,1898,55,t
Elopement on Horseback,Edison,1898,54,t
Pack Train at Chilkoot Pass,Robert Bonine & Thomas Crahan,1898,53,t
Little Mischief,J. Stuart Blackton & Albert E. Smith,1898,48,t
Burial of the 'Maine' Victims,William S. Paley,1898,39,t
Battleship 'Maine',William S. Paley,1898,37,t
"Indochina: Namo Village, Panorama Taken from a Rickshaw",Gabriel Veyre,1899,74,t
Indochina: Opium Den,Gabriel Veyre,1899,70,t
Indochina: Children Gathering Rice Scattered by Western Women,Gabriel Veyre,1899,70,t
Oil Wells of Bakou: Close View,Lumière,1899,68,t
The Little Girl and Her Cat,Lumière,1899,66,t
"Festival of Paris, 1899: Parade of Flowered Cars",Lumière,1899,64,t
Kremos: The Pyramid,Lumière,1899,63,t
Strange Adventure of New York Drummer,Edwin S. Porter,1899,56,t
Mesmerist and Country Couple,J. Stuart Blackton & Albert E. Smith,1899,54,t
Indochina: Loading a Cow on Ship,Gabriel Veyre,1899,55,t
Love and War,James H. White,1899,45,t
Fun In Camp,James H. White,1899,44,t
Trick Bears,James H. White,1899,43,t
Advance of Kansas Volunteers at Caloocan,James H. White,1899,42,t
Three Acrobats,James H. White,1899,40,t
Spanish Bullfight,Lumière,1900,67,t
Place du Pont,Lumière,1900,66,t
"Universal Exhibition, 1900: View of a Moving Sidewalk",Lumière,1900,65,t
The One-Man Band,Georges Méliès,1900,60,t
Fat and Lean Wrestling Match,Georges Méliès,1900,59,t
The Enchanted Drawing,J. Stuart  Blackton,1900,64,t
Uncle Josh's Nightmare,Edwin S. Porter,1900,60,t
How it Feels To Be Run Over,Cecil M. Hepworth,1900,58,t
Explosion of a Motor Car,Cecil M. Hepworth,1900,57,t
The Big Swallow,James Williamson,1900,55,t
As Seen Through a Telescope,G.A. Smith,1900,53,t
Attack on a China Mission,James Williamson,1900,51,t
Ladies' Skirts Nailed to a Fence,Bamforth and Company,1900,49,t
The Haunted Curiosity Shop,Walter R. Booth,1901,68,t
Bluebeard,Georges Méliès,1901,67,t
The Man With the Rubber Head,Georges Méliès,1901,67,t
Dream and Reality,Pathé Freres,1901,65,t
Peeping Tom,Pathé Frères,1901,62,t
The Old Maid Having Her Picture Taken,Edwin S. Porter,1901,61,t
Love by the Light of the Moon,Edwin S. Porter,1901,60,t
Martyred Presidents,Edwin S. Porter,1901,57,t
Daring Daylight Burglary,Frank Mottershaw,1901,51,t
"Terrible Teddy, the Grizzly King",Edwin S. Porter,1901,50,t
"Mont Blanc, the Alps",Lumière,1901,50,t
Capture of the Biddle Brothers,Edwin S. Porter,1901,49,t
Circular Panorama of the Electric Tower,Edwin S. Porter,1901,47,t
Panorama of Esplenade by Night,Edwin S. Porter,1901,46,t
Sampson and Schley Controversy - Tea Party,Edwin S. Porter,1901,45,t
Star Theatre,Frederick S. Armitage,1901,44,t
The Victims of Alcoholism,Ferdinand Zecca,1902,71,t
Fun in a Bakery Shop,Edwin S. Porter,1902,66,t
Quo Vadis?,Ferdinand Zecca,1902,64,t
Uncle Josh at the Moving Picture Show,Edwin S. Porter,1902,63,t
The Twentieth Century Tramp,Edwin S. Porter,1902,62,t
"Arrival of the Governor General, Lord Minto at Quebec",William S. Paley,1902,45,t
"Levi and Cohen, the Irish Comedians",Edwin S. Porter,1902,48,t
"Bird's-Eye View of San Francisco, Cal., From a Balloon",Edison,1902,44,t
Kingdom of the Fairies,Georges Méliès,1903,73,t
The Enchanter Alcofisbas,Georges Méliès,1903,68,t
Ten Ladies in One Umbrella,Georges Méliès,1903,67,t
The Magic Lantern,Georges Méliès,1903,66,t
The Spiritualist Photographer,Georges Méliès,1903,65,t
The Inn Where No Man Rests,Georges Méliès,1903,64,t
The 20th Century Illusionist,Georges Méliès,1903,63,t
The Enchanted Well,Georges Méliès,1903,62,t
Life of an American Fireman,Edwin S. Porter,1903,62,t
The Apparition,Georges Méliès,1903,61,t
the Drawing Lesson,Georges Méliès,1903,60,t
The Oracle of Delphi,Georges Méliès,1903,59,t
The Infernal Cake-walk,Georges Méliès,1903,58,t
The Music Lover,Georges Méliès,1903,57,t
The Infernal Boiling Pot,Georges Méliès,1903,56,t
"Bob Kick, the Mischevious Kid",Georges Méliès,1903,55,t
Le Tonnerre de Jupiter,Georges Méliès,1903,54,t
Mary Jane's Mishap or Don't Fool With the Paraffin,G.A. Smith,1903,53,t
Extraordinary Cab Accident,Walter R. Booth,1903,52,t
A Desperate Poaching Affray,Walter Haggar,1903,51,t
Romance of the Rails,Edwin S. Porter,1903,50,t
The Georgetown Loop (Colorado),G.W. Bitzer,1903,49,t
Sick Kitten,G.A. Smith,1903,48,t
Street Car Chivalry,Edwin S. Porter,1903,46,t
Uncle Tom's Cabin,Edwin S. Porter,1903,45,t
Skyscrapers of New York City From North River,G.A. Smith,1903,44,t
The Hilarious Posters,Georges Méliès,1904,67,t
Tit for Tat,Georges Méliès,1904,66,t
The Living Playing Cards,Georges Méliès,1904,65,t
The Clock Maker's Dream,Georges Méliès,1904,63,t
Untamable Whiskers,Georges Méliès,1904,62,t
Imperceptible Transmutations,Georges Méliès,1904,60,t
Rescued by Rover,Lewin Fitzhamon & Cecil M. Hepworth,1904,59,t
The Events in Odessa,Lucien Nonguet,1904,58,t
"The Jonah Man: or, the Traveller Bewitched",Cecil M. Hepworth,1904,57,t
European Rest Cure,Edwin S. Porter,1904,51,t
"Rounding Up at the ""Yeggman\""",Edwin S. Porter,1904,47,t
A Father's Honor,Ferdinand Zecca,1905,65,t
"NY Subway, 14th Street to 42nd Street",G.W. Bitzer,1905,64,t
The Incendiary,Ferdinand Zecca,1905,63,t
Paris to Monte Carlo,Georges Méliès,1905,62,t
The Kleptomaniac,Edwin S. Porter,1905,60,t
Airy Fairy Lillian Tries on Her New Corsets,F.A. Dobson,1905,59,t
I.B. Dam and the Whole Dam Family,Lubin Manufacturing Company,1905,57,t
The Life of Charles Peace,Haggar and Sons,1905,55,t
How Jones Lost His Roll,Edwin S. Porter,1905,53,t
Revolution in Odessa,Pathé Frères,1905,50,t
Humorous Phases of Funny Faces,J. Stuart Blackton,1906,66,t
The Dream of a Rarebit Fiend,Edwin S. Porter & Wallace McCutcheon,1906,65,t
Aladdin or the Marvelous Lamp,Pathé Frères,1906,64,t
Seven Ages,Edwin S. Porter,1906,59,t
A Visit to Peek Frean & Co.'s Biscuit Works,J.H. Martin,1906,54,t
San Francisco: Aftermath of Earthquake,Edison,1906,50,t
Army Pack Train Bringing Supplies,Edison,1906,45,t
Eclipse: Courtship of the Sun and Moon,Georges Méliès,1907,69,t
Scenes of Convict Life,Ferdinand Zecca,1907,68,t
The Pumpkin Race,Romeo Bosetti,1907,67,t
Ali Baba and the Forty Thieves,Ferdinand Zecca,1902,64,t
The 'Teddy' Bears,Edwin S. Porter,1907,62,t
The Golden Beetle,Segundo de Chomón,1907,60,t
Child of the Barracade,Alice Guy,1907,56,t
The Runaway Horse,Ferdinand Zecca,1907,54,t
International Contest for the Heavyweight Championship - Quires vs. Bu,Herbert J. Miles,1907,48,t
A Fantasy,Emile Cohl,1908,65,t
A Fish Factory in Astrakhan,Pathé Frères,1908,60,t
Une Dame vraiment bien,Louis Feuillade,1908,57,t
Madame a des envies,Alice Guy,1908,53,t
The Narrow Escape,Pathé Frères,1908,52,t
The Ex-Convict,Edwin S. Porter,1908,48,t
Moscow Clad in Snow,Pathé Frères,1908,45,t
A Corner in Wheat,D.W. Griffith,1909,75,t
The Sealed Room,D.W. Griffith,1909,72,t
The Devilish Tenant,Georges Méliès,1909,68,t
The Princess Nicotine or Smoke Fairy,J. Stuart Blackton,1909,66,t
Le Ratelier de la belle-mère,Emile Cohl,1909,64,t
The Jolly Germs,Emile Cohl,1909,63,t
A Trap for Santa Claus,D.W. Griffith,1909,60,t
Those Awful Hats,D.W. Griffith,1909,56,t
"Nero, or the Fall of Rome",Arturo Ambrosio,1909,52,t
A 16th Century Russian Wedding,Vasili Goncharov,1909,48,t
The Unchanging Sea,D.W. Griffith,1910,68,t
The House with Closed Shutters,D.W. Griffith,1910,66,t
The Doctor's Secret,Georges Méliès,1910,58,t
Aerplane Flight & Wreck(Piloted by M. Cody),[unknown],1910,40,t
Princess Tarakanova,Kai Hansen & Maurice Maître,1910,28,t
La Chambre ensorcelée,Emile Cohl,1911,66,t
His Trust,D.W. Griffith,1911,64,t
"Winsor McCay, the Famous Cartoonist of the N.Y. Herald and His Moving Comics",Winsor McCay,1911,53,t
The Musketeers of Pig Alley,D.W. Griffith,1912,74,t
An Unseen Enemy,D.W. Griffith,1912,68,t
The Cameraman's Revenge,Ladislaw Starewicz,1912,66,t
Conquest of the Pole,Georges Méliès,1912,64,t
The Painted Lady,D.W. Griffith,1912,62,t
The Sunbeam,D.W. Griffith,1912,61,t
The Burglar's Dilemma,D.W. Griffith,1912,60,t
"One is Business, the Other Crime",D.W. Griffith,1912,59,t
The Automatic Moving Company,Romeo Bosetti,1912,55,t
The New York Hat,D.W. Griffith,1912,53,t
Max and His Dog,Max Linder,1912,48,t
"Onesime, Clockmaker",Jean Durand,1912,45,t
Death's Marathon,D.W. Griffith,1913,69,t
The Mothering Heart,D.W. Griffith,1913,67,t
Juve Against Fantomas,Louis Feuillade,1913,66,t
The Student of Prague,Stellan Rye & Paul Wegener,1913,65,f
The Insect's Christmas,Ladislaw Starewicz,1913,64,t
Traffic in Souls,George Loane Tucker,1913,60,t
He Poses for His Portrait,Emile Cohl,1913,55,t
How Men Propose,Lois Weber,1913,50,t
A House Divided,Alice Guy-Blache,1913,48,t
Matrimony's Speed Limit,Alice Guy-Blache,1913,45,t
Battle at Elderbush Gulch,D.W. Griffith,1914,72,t
"Home, Sweet Home",D.W. Griffith,1914,70,f
"Cruel, Cruel Love",George Nichols,1914,40,t
The Perils of Pauline,Louis J. Gasnier & Donald MacKenzie,1914,39,f
Gertie the Dinosaur,Winsor McCay,1914,38,t
Les Vampires [serial],Louis Feuillade,1915,68,f
Judex,Louis Feuillade,1916,69,f
Triple Trouble,Charles Chaplin & Leo White,1918,36,t
The Cabinet of Dr. Caligari,Robert Wiene,1920,88,f
"Spiders, Part 1: The Golden Lake",Fritz Lang,1919,58,f
The Tantilizing Fly,Dave Fleischer,1919,48,t
Leaves From Satan's Book,Carl Theodor Dreyer,1921,60,f
"Spiders, Part 2: The Diamond Ship",Fritz Lang,1920,59,f
The Clown's Little Brother,Dave Fleischer,1920,55,t
The Ouija Board,Dave Fleischer,1920,54,t
Perpetual Motion,Dave Fleischer,1920,53,t
Fièvre,Louis Delluc,1921,67,f
Manhatta,Charles Sheeler & Paul Strand,1921,50,t
Modeling,Dave Fleischer,1921,48,t
The Smiling Madame Boudet,Germaine Dulac,1922,68,f
"Dr. Mabuse, the Gambler",Fritz Lang,1922,67,f
Bubbles,Dave Fleischer,1922,50,t
The Three Ages,Buster Keaton,1923,58,f
Voice of the Nightingale,Wladyslaw Starewicz,1923,53,t
The Lost World,Harry O. Hoyt,1925,58,f
Kino Pravda,Dziga Vertov,1925,42,t
Love Berry,Alexander Dovzhenko,1926,39,t
Sunrise,F.W. Murnau,1927,96,f
Swing You Sinners,Dave Fleischer,1930,66,t
Mechanical Principles,Ralph Steiner,1930,50,t
Aimless Walk,Alexander Hammid,1930,42,t
Surf and Seaweed,Ralph Steiner,1930,41,t
M,Fritz Lang,1931,88,f
Frankenstein,James Whale,1931,69,f
Vampyr,Carl Theodor Dreyer,1932,74,f
Freaks,Tod Browning,1932,80,f
Horsefeathers,Norman Z. McLeod,1932,78,f
Santa,Antonio Moreno,1932,46,f
King Kong,Marian C. Cooper & Ernest B. Schoedsack,1933,72,f
The Fatal Glass of Beer,Clyde Bruckman,1933,68,t
International House,A. Edward Sutherland,1933,56,f
It Happened One Night,Frank Capra,1934,83,f
It's a Gift,Norman Z. McLeod,1934,77,f
The Thin Man,W.S. Van Dyke,1934,73,f
The Woman of the Port,Arcady Boytler & Raphael J. Sevilla,1934,45,f
A Night at the Opera,Sam Wood,1935,92,f
Top Hat,Mark Sandrich,1935,71,f
Bride of Frankenstein,James Whale,1935,67,f
Pie in the Sky,Ralph Steiner,1935,64,t
Vámonos con Pancho Villa,Fernando de Fuentes,1935,60,f
"Synchromy, No. 2",Mary Ellen Bute & Ted Nemeth,1935,56,t
The Crime of Monsieur Lange,Jean Renoir,1936,80,f
Modern Times,Charles Chaplin,1936,86,f
Rose Hobart,Joseph Cornell,1936,78,t
Allá en el Rancho Grande,Fernando de Fuentes,1936,51,f
Cesar,Marcel Pagnol,1936,50,f
The Devil Doll,Tod Browning,1936,48,f
Allegretto,Oskar Fischinger,1936,47,t
The Awful Truth,Leo McCarey,1937,93,f
A Day at the Races,Sam Wood,1937,67,f
Snow White and the Seven Dwarfs,David Hand,1937,66,f
La Bête humaine,Jean Renoir,1938,82,f
J'accuse!,Abel Gance,1938,62,f
Room Service,William A. Seiter,1938,35,f
"Healthy, Wealthy and Dumb",Del Lord,1938,31,t
Ninotchka,Ernst Lubitsch,1939,64,f
Young Mr. Lincoln,John Ford,1939,55,f
The Philadelphia Story,George Cukor,1940,91,f
Pinocchio,Hamilton Luske & Ben Sharpsteen,1940,89,f
The Great Dictator,Charles Chaplin,1940,68,f
Fantasia,"Ben Sharpsteen, Samuel Armstrong, James Algar, Bill Roberts, Paul Satterfield, Jim Handley, Hamilton Luske, Ford Bee",1940,67,f
They Drive by Night,Raoul Walsh,1940,62,f
The Bank Dick,Edward F. Cline,1940,61,f
An American March,Oskar Fischinger,1940,50,t
Ahí está en detalle,Juan Bustillo Oro,1940,48,f
The Devil Bat,Jean Yarbrough,1940,46,f
Go West,Edward Buzzell,1940,40,f
"The Shadow, Part 14: The Sealed Room",James W. Horne,1940,35,t
"The Shadow, Part 2: The Shadow Attacks",James W. Horne,1940,35,t
"The Shadow, Part 8: The Shadow Rides the Rails",James W. Horne,1940,35,t
"The Shadow, Part 13: The Wheels of Death",James W. Horne,1940,35,t
Citizen Kane,Orson Welles,1941,100,f
Dumbo,Ben Sharpsteen,1941,72,f
Sullivan's Travels,Preston Sturges,1941,88,f
Meshes of the Afternoon,Maya Deren,1943,91,t
The Raven,Henri-Georges Clouzot,1943,86,f
Phantom Lady,Robert Siodmak,1943,74,f
The Leopard Man,Jacques Tourneur,1943,61,f
Another Dawn,Julio Bracho,1943,52,f
Wild Flower,Emilio Fernández,1943,50,f
At Land,Maya Deren,1944,83,t
Henry V,Laurence Olivier,1944,65,f
Bon Voyage,Alfred Hitchcock,1944,47,t
Aventure malgache,Alfred Hitchcock,1944,46,t
Dead of Night,"Alberto Cavalcanti, Charles Chrichton, Basil Dearden, and Robert Hamer",1945,90,f
Children of Paradise,Marcel Carné,1945,91,f
Detour,Edward G. Ulmer,1945,87,f
Mildred Pierce,Michael Curtiz,1945,80,f
My Name is Julia Ross,Joseph H. Lewis,1945,60,f
Campeón sin corona,Alejandro Galindo,1945,52,f
Open City,Roberto Rossellini,1946,90,f
The Big Sleep,Howard Hawks,1946,91,f
Gilda,King Vidor,1946,71,f
A Night in Casablanca,Archie Mayo,1946,45,f
Fireworks,Kenneth Anger,1947,90,t
Dead Reckoning,John Cromwell,1947,74,f
Dark Passage,Delmer Daves,1947,63,f
Miracle on 34th St.,George Seaton,1947,54,f
Hidden River,Emilio Fernández,1947,52,f
The Bicycle Thief,Vittorio De Sica,1948,93,f
Letter From an Unknown Woman,Max Ophuls,1948,91,f
They Live by Night,Nicholas Ray,1949,90,f
The Lady from Shanghai,Orson Welles,1948,89,f
Jour de fête,Jaques Tati,1948,81,f
The Treasure of the Sierra Madre,John Huston,1948,80,f
Rope,Alfred Hitchcock,1948,70,f
Caught,Max Ohpuls,1949,60,f
Hamlet,Laurence Olivier,1948,59,f
Maclovia,Emilio Fernández,1948,45,f
Color Rhapsodie,Mary Ellen Bute & Ted Nemeth,1948,43,t
Orpheus,Jean Cocteau,1949,89,f
Puce Moment,Kenneth Anger,1949,64,t
Adam's Rib,George Cukor,1949,63,f
Pueblerina,Emilio Fernández,1949,50,f
La Ronde,Max Ophüls,1950,66,f
Aventurera,Alberto Gout,1950,57,f
Rabbit's Moon,Kenneth Anger,1950,56,t
A Streetcar Named Desire,Elia Kazan,1951,73,f
The African Queen,John Huston,1951,66,f
An American in Paris,Vincente Minnelli,1951,65,f
The Thing From Another World,Christian Nyby,1951,63,f
Umberto D,Vittorio De Sica,1952,91,f
Ikiru,Akira Kurosawa,1952,85,f
The Importance of Being Earnest,Anthony Asquith,1952,66,f
Abstronic,Mary Ellen Bute & Ted Nemeth,1952,54,t
Ugetsu,Kenji Mizoguchi,1953,92,f
Tokyo Story,Yasijiro Ozu,1953,86,f
Eaux d'artifice,Kenneth Anger,1953,63,t
Mood Contrasts,Mary Ellen Bute & Ted Nemeth,1953,62,t
Espaldas mojadas,Alejandro Galindo,1953,51,f
Seven Samurai,Akira Kurosawa,1954,92,f
Johnny Guitar,Nicholas Ray,1954,91,f
La Strada,Frederico Fellini,1954,81,f
Les Maîtres fous,Jean Rouch,1954,73,t
On the Waterfront,Elia Kazan,1954,68,f
Inauguration of the Pleasure Dome,Kenneth Anger,1954,66,t
The Night of the Hunter,Charles Laughton,1955,94,f
Ordet,Carl Theodor Dreyer,1955,89,f
Night and Fog,Alain Resnais,1955,85,f
The Ladykillers,Alexander MacKendrick,1955,84,f
Reflections in Black,Stan Brakhage,1955,81,t
Pather Panchali,Satyajit Ray,1955,70,f
The Trouble With Harry,Alfred Hitchcock,1955,63,f
The Man With the Golden Arm,Otto Preminger,1955,62,f
Bride of the Monster,Edward D. Wood Jr.,1955,44,f
Lady and the Tramp,"Hamilton Luske, Clyde Geronimi, and Wilfred Jackson",1955,43,f
A Man Escaped,Robert Bresson,1956,93,f
Written on the Wind,Douglas Sirk,1956,91,f
The Killing,Stanley Kubrick,1956,71,f
The Man Who Knew Too Much,Alfred Hitchcock,1956,64,f
The Ten Commandments,Cecil B. DeMille,1956,38,f
Wild Strawberries,Ingmar Bergman,1957,88,f
Throne of Blood,Akira Kurosawa,1957,78,f
Saturday Afternoon Blood Sacrifice,Ken Jacobs,1957,52,t
Little Cobra Dance,Ken Jacobs,1957,51,t
A Legend for Fountains (Fragments),Joseph Cornell,1957,49,t
A Movie,Bruce Connor,1958,91,t
Le Beau Serge,Claude Chabrol,1958,70,f
Ashes and Diamonds,Andrzej Wajda,1958,66,f
Gigi,Vincente Minnelli,1958,60,f
Party Girl,Nicholas Ray,1958,59,f
Pickpocket,Robert Bresson,1959,93,f
Breathless,Jean-Luc Godard,1960,93,f
Hiroshima mon amour,Alain Resnais,1959,79,f
Les Cousins,Claude Chabrol,1959,78,f
Shadows,John Cassavetes,1959,70,f
Floating Weeds,Yasujiro Ozu,1959,69,f
Eyes Without a Face,Georges Franju,1959,68,f
Black Orpheus,Marcel Camus,1959,59,f
Science Friction,Stan Vanderbeek,1959,58,t
Darby O'Gill and the Little People,Robert Stevenson,1959,57,f
Sleeping Beauty,Clyde Geronimi,1959,53,f
Ben-Hur,William Wyler,1959,44,f
L'Avventura,Michelangelo Antonioni,1960,87,f
Les Bonnes femmes,Claude Chabrol,1960,82,f
Munro,Gene Deitch,1960,47,t
Pollyanna,David Swift,1960,36,f
An Occurrence at Owl Creek Bridge,Robert Enrico,1961,86,t
A Woman is a Woman,Jean-Luc Godard,1961,83,f
Flaming Creatures,Jack Smith,1961,84,t
The Death of P'town,Ken Jacobs,1961,50,t
Scotch Tape,Jack Smith,1961,48,t
The Parent Trap,David Swift,1961,39,f
My Life to Live,Jean-Luc Godard,1962,93,f
Knife in the Water,Roman Polanski,1962,84,f
Sundays and Cybele,Serge Bourguignon,1962,82,f
Blonde Cobra,Jack Smith & Ken Jacobs,1962,80,f
The House is Black,Forugh Farrokhzad,1962,73,t
Carnival of Souls,Herk Harvey,1962,68,f
My Name is Ivan,Andrei Tarkovsky,1962,65,f
Playboy of the Western World,Brian Desmond Hurst,1962,58,f
Long Day's Journey Into Night,Sydney Lumet,1962,56,f
Contempt,Jean-Luc Godard,1963,90,f
Dr. Strangelove or: How I learned to Stop Worrying and Love the Bomb,Stanley Kubrick,1964,92,f
Muriel,Alain Resnais,1963,85,f
8 1/2,Frederico Fellini,1963,76,f
Les Carabiniers,Jean-Luc Godard,1963,84,f
Borom Sarret,Ousmane Sembene,1963,68,t
Hud,Martin Ritt,1963,64,f
The Cool World,Shirley Clarke,1963,61,f
Overstimulated [60-63],Jack Smith,1963,50,t
Normal Love Addendum Reel,Jack Smith,1963,46,t
I Am Cuba,Mikheil Kalatozov,1964,90,f
Scorpio Rising,Kenneth Anger,1964,89,t
"Kiss Me, Stupid",Billy Wilder,1964,78,f
Yoko Ono Film No. 4,Yoko Ono,1964,66,t
The Pumpkin Eater,Jack Clayton,1964,62,f
Zorba the Greek,Michael Cacoyannis,1964,61,f
Goldfinger,Guy Hamilton,1964,60,f
Diary of a Chambermaid,Luis Buñuel,1964,59,f
Becket,Peter Glenville,1964,55,f
Mary Poppins,Robert Stevenson,1964,54,f
Santa Claus Conquers the Martians,Nicholas Webster,1964,32,f
Repulsion,Roman Polanski,1965,90,f
Alphaville,Jean-Luc Godard,1965,83,f
The Koumiko Mystery,Chris Marker,1965,81,f
Disappearaing Music For Face,Mieko Shiomi,1965,77,t
Man is not a Bird,Dusan Makavejev,1965,76,f
Juliet of the Spirits,Frederico Fellini,1965,70,f
The Sound of Music,Robert Wise,1965,46,f
Thunderball,Terence Young,1965,45,f
Persona,Ingmar Bergman,1966,89,f
Black Girl,Ousmane Sembene,1966,74,t
Who's Afraid of Virginia Woolf?,Mike Nichols,1966,70,f
What's Up Tiger Lily?,Woody Allen,1966,69,f
Castro Street,Bruce Baillie,1966,66,t
The Little Chaos,Rainer Werner Fassbinder,1966,54,t
Playtime,Jacques Tati,1967,92,f
Belle de jour,Luis Buñuel,1967,91,f
Week-End,Jean-Luc Godard,1967,86,f
Le Samouraï,Jean-Pierre Melville,1967,85,f
Wavelength,Michael Snow,1967,83,f
"Love Affair, or the Case of the Missing Switchboard Operator",Dusan Makavejev,1967,79,f
"Fearless Vampire Killers, or: Pardon Me  But Your Teeth are in my Neck",Roman Polanski,1967,67,f
Don't Look Back,D.A. Pennebaker,1967,66,f
Ulysses,Joseph Strick,1967,59,f
Reefers of Technicolor Island,Jack Smith,1967,50,t
Por Primera Vez,Octavio Cortázar,1967,45,t
Innocence Unprotected,Dusan Makavejev,1968,74,f
If...,Lindsay Anderson,1968,72,f
Night of the Living Dead,George Romero,1968,71,f
Barbarella,Roger Vadim,1968,54,f
A Midsummer Night's Dream,Peter Hall,1968,50,f
Romeo and Juliet,Franco Zeffirelli,1968,40,f
Andrei Rublev,Andrei Tarkovsky,1969,93,f
The Wild Bunch,Sam Peckinpah,1969,91,f
Une Femme douce,Robert Bresson,1969,80,f
Midnight Cowboy,John Schlesinger,1969,79,f
Take the Money and Run,Woody Allen,1969,66,f
Mississippi Mermaid,François Truffaut,1969,64,f
Invocation of My Demon Brother,Kenneth Anger,1969,62,t
Satyricon,Frederico Fellini,1969,58,f
King Lear,Grigory Kozintsev & Iosef Shapiro,1969,56,f
Mondo Trasho,John Waters,1969,48,f
Bambi Meets Godzilla,Marv Newland,1969,33,t
The Conformist,Bernardo Bertolucci,1970,91,f
Zorn's Lemma,Hollis Frampton,1970,91,f
Tristana,Luis Buñuel,1970,83,f
Even Dwarfs Started Small,Werner Herzog,1970,74,f
Necrology,Standish Lawder,1970,71,t
The Pig,Jean Eustache & Jean-Michel Barjol,1970,66,f
Lucifer Rising,Kenneth Anger,1970,65,f
Gimme Shelter,"Albert Maysles,David Maysles & Charlotte Zwerin",1970,64,f
MASH,Robert Altman,1970,64,f
Fogline,Larry Gottheim,1970,65,t
Song For Rent [70s],Jack Smith,1970,54,t
Bowery Dawn [70s],Jack Smith,1970,52,t
Hot Air Specialists [70s],Jack Smith,1970,51,t
The Aristocats,Wolfgang Reitherman,1970,38,f
W.R.--Mysteries of the Organism,Dusan Makavejev,1971,82,f
Dirty Harry,Don Siegel,1971,73,f
Harold and Maude,Hal Ashby,1971,72,f
The Merchant of Four Seasons,Rainer Werner Fassbinder,1972,71,f
Willy Wonka and the Chocolate Factory,Mel Stuart,1971,66,f
Sweet Sweetback's Baadasssss Song,Melvin Van Peebles,1971,60,f
Bananas,Woody Allen,1971,59,f
Diamonds are Forever,Guy Hamilton,1971,46,f
The Discreet Charm of the Bourgeoise,Luis Buñuel,1972,80,f
Solaris,Andrei Tarkovsky,1972,77,f
Pink Flamingos,John Waters,1972,76,f
Tout va bien,Jean-Luc Godard,1972,74,f
Sambizanga,Sarah Maldoror,1972,70,f
"Play it Again, Sam",Herbert Ross,1972,66,f
Cabaret,Bob Fosse,1972,68,f
Sky Blue Water Light Sign,J.J. Murphy,1972,67,t
Super Fly,Gordon Parks Jr.,1972,55,f
Behind the Green Door,James L. Mitchell,1972,54,f
Jesus Christ Superstar,Norman Jewison,1972,53,f
Badlands,Terrence Malick,1973,94,f
The Long Goodbye,Robert Altman,1973,89,f
Casual Relations,Mark Rappaport,1973,70,f
Last Tango in Paris,Bernardo Bertolucci,1972,68,f
Day For Night,François Truffaut,1973,66,f
The Last Detail,Hal Ashby,1973,65,f
Sleeper,Woody Allen,1973,64,f
Love and Anarchy,Lina Wertmüller,1973,60,f
Fantastic Planet,René Laloux,1973,55,f
Chinatown,Roman Polanski,1974,99,f
Céline and Julie Go Boating,Jacques Rivette,1974,93,f
The Conversation,Francis Ford Coppola,1974,91,f
Sweet Movie,Dusan Makavejev,1974,91,f
"The Godfather, Part II",Francis Ford Copolla,1974,90,f
Every Man For Himself and God Against All,Werner Herzog,1974,75,f
The Phantom of Liberty,Luis Buñuel,1974,74,f
Monty Python and the Holy Grail,Terry Gilliam & Terry Jones,1975,80,f
The Parallax View,Alan J. Pakula,1974,75,f
"'Rameau's Nephew' by Diderot, Thanx to Dennis Young, by Wilma Schoen",Michael Snow,1974,69,f
Zardoz,John Boorman,1974,57,f
Young Frankenstein,Mel Brooks,1974,56,f
Andy Warhol's Frankenstein,Paul Morrissey,1974,54,f
"Jeanne Dielman, 23 Quai du Commerce, 1080 Bruxelles",Chantal Akerman,1975,90,f
Xala,Ousmane Sembene,1975,70,f
Love and Death,Woody Allen,1975,71,f
Jaws,Steven Spielberg,1975,77,f
Female Trouble,John Waters,1975,69,f
One Flew Over the Cuckoo's Nest,Milos Forman,1975,66,f
Two Solutions for One Problem,Abbas Kiarostami,1975,50,t
The Rocky Horror Picture Show,Jim Sharman,1975,48,f
Stroszek,Werner Herzog,1977,91,f
"Lost,Lost,Lost",Jonas Mekas,1976,77,f
I Only Want You To Love Me,Rainer Werner Fassbinder,1976,74,f
Take the 5:10 to Dreamland,Bruce Connor,1976,66,t
In the Realm of the Senses,Nagisa Oshima,1976,65,f
Jonah Who Will Be 25 in the Year 2000,Alain Tanner,1976,64,f
Carrie,Brian DePalma,1976,61,f
Network,Sydney Lumet,1976,60,f
Obsession,Brian DePalma,1976,58,f
The Opening of Misty Beethoven,Radley Metzger,1976,55,f
Johan Nama Palace,Abbas Kiarostami,1976,48,t
King Kong,John Guillermin,1976,40,f
Perfumed Nightmare,Kidlak Tahimik,1977,89,f
Annie Hall,Woody Allen,1977,92,f
The Devil Probably,Robert Bresson,1977,83,f
Providence,Alain Resnais,1977,76,f
The American Friend,Wim Wenders,1977,70,f
Une sale histoire,Jean Eustache,1977,69,f
News From Home,Chantal Akerman,1977,68,f
Desperate Living,John Waters,1977,67,f
The Last Wave,Peter Weir,1977,66,f
Star Wars,George Lucas,1977,63,f
11 x 17,James Benning,1977,56,f
Sinbad and the Eye of the Tiger,Sam Wannamaker,1977,48,f
Freaky Friday,Gary Nelson,1977,46,f
"Oh, God!",Carl Reiner,1977,40,f
The Rescuers,"Wolfgang Reitherman, John Lounsbery, Art Stevens",1977,38,f
Smokey and the Bandit,Hal Needham,1977,39,f
Ceddo,Ousmane Sembene,1978,73,f
Invasion of the Body Snatchers,Philip Kaufman,1978,72,f
A Wedding,Robert Altman,1978,71,f
"China 9, Liberty 37",Monte Hellman,1978,69,f
National Lampoon's Animal House,John Landis,1978,61,f
Grease,Randal Kleiser,1978,50,f
Superman,Richard Donner,1978,58,f
The Lord of the Rings,Ralph Bakshi,1978,49,f
Coma,Michael Crichton,1978,40,f
The Deer Hunter,Miahael Cimino,1978,42,f
Death on the Nile,John Guillerman,1978,39,f
Every Which Way but Loose,James Fargo,1978,38,f
Attack of the Killer Tomatoes,John DeBello,1978,27,f
Jaws 2,Jeannot Szware,1978,19,f
The Marriage of Maria Braun,Rainer Werner Fassbinder,1979,91,f
Apocalypse Now,Francis Ford Coppola,1979,92,f
Dawn of the Dead,George Romero,1978,74,f
Tess,Roman Polanski,1979,66,f
The Muppet Movie,James Frawley,1979,65,f
The Great Santini,Lewis John Carlino,1979,64,f
"Cool Hands, Warm Heart",Su Friedrich,1979,60,t
Moscow Does Not Believe in Tears,Vladimir Menshov,1979,50,f
The Star Trek: Motion Picture,Robert Wise,1979,49,f
Rocky II,Sylvester Stallone,1979,45,f
Scavenger Hunt,Michael Schultz,1979,25,f
Raging Bull,Martin Scorsese,1980,92,f
The Elephant Man,David Lynch,1980,91,f
Airplane!,"Jim Abrahams, David Zucker, Jerry Zucker",1980,90,f
Kagemusha,Akira Kurosawa,1980,87,f
Death Watch,Bertrand Tavernier,1980,73,f
Bronco Billy,Clint Eastwood,1980,69,f
Melvin and Howard,Jonathan Demme,1980,68,f
The Return of the Secaucus Seven,John Sayles,1980,67,f
Atlantic City,Louis Malle,1980,66,f
The Stunt Man,Richard Rush,1980,66,f
The Garden of Earthly Delights of Jéröme Busch,Jean Eustache,1980,65,t
City of Women,Frederico Fellini,1980,64,f
Breaker Morant,Bruce Beresford,1980,64,f
The Ninth Configuration,William Peter Blatty,1980,64,f
Altered States,Ken Russell,1980,64,f
Time Bandits,Terry Gilliam,1980,63,f
The Shining,Stanley Kubrick,1980,85,f
Stardust Memories,Woody Allen,1980,62,f
Taxi zum Klo,Frank Ripploh,1980,61,f
The Last Metro,François Truffaut,1980,60,f
Cruising,William Friedkin,1980,59,f
Heaven's Gate,Michael Cimino,1980,58,f
Les Photos d'Alix,Jean Eustache,1980,57,t
The Long Riders,Walter Hill,1980,56,f
The Empire Strikes Back,Irwin Kirshner,1980,66,f
Coal Miner's Daughter,Michael Apted,1980,55,f
Ordinary People,Robert Redford,1980,55,f
Divine Madness!,Michael Ritchie,1980,54,f
Brubaker,Stuart Rosenberg,1980,51,f
ffolkes,Andrew V. McLaglen,1980,50,f
Fame,Alan Parker,1980,50,f
Superman II,Richard Lester,1980,66,f
Popeye,Robert Altman,1980,62,f
Hopscotch,Ronald Neame,1980,57,f
Honeysuckle Rose,Jerry Schatzburg,1980,55,f
The Fog,John Carpenter,1980,54,f
Somewhere in Time,Jeannot Szware,1980,52,f
Foxes,Adrian Lyne,1980,50,f
The Dogs of War,John Irvin,1980,49,f
Used Cars,Robert Zemeckis,1980,52,f
The Competition,Joel Oliansky,1980,47,f
Where the Buffalo Roam,Art Linson,1980,46,f
American Gigolo,Paul Schrader,1980,45,f
My Bodyguard,Tony Bill,1980,44,f
Urban Cowboy,James Bridges,1980,43,f
Flash Gordon,Mike Hodges,1980,42,f
The Blue Lagoon,Randal Kleiser,1980,41,f
9 to 5,Colin Higgins,1980,40,f
Xanadu,Robert Greenwald,1980,39,f
Private Benjamin,Howard Zieff,1980,38,f
The Blues Brothers,John Landis,1980,37,f
Caddyshack,Harold Ramis,1980,36,f
Friday the 13th,Sean S. Cunningham,1980,35,f
The Gods Must Be Crazy,Jamie Uys,1980,34,f
Oh God! Book II,Gilbert Cates,1980,27,f
The Nude Bomb,Richard Donner,1980,23,f
Oh Heavenly Dog!,Joe Camp,1980,17,f
My Dinner With André,Louis Malle,1981,88,f
Blow-out,Brian De Palma,1981,87,f
Diva,Jean-Jacques Beineix,1981,71,f
Gently Down the Stream,Su Friedrich,1981,68,t
Montenegro,Dusan Makavejev,1981,67,f
Reds,Warren Beatty,1981,66,f
Gallipoli,Peter Weir,1981,65,f
Polyester,John Waters,1981,64,f
The Great Muppet Caper,Jim Henson,1981,63,f
Chariots of Fire,Hugh Hudson,1981,61,f
Body Heat,Lawrence Kasdan,1981,60,f
Absence of Malice,Sydney Pollack,1981,59,f
Clash of the Titans,Desmond Davis,1981,57,f
Arthur,Steve Gordon,1981,56,f
The French Lieutenant's Woman,Karel Reisz,1981,55,f
Escape From New York,John Carpenter,1981,54,f
Taps,Harold Becker,1981,50,f
Stripes,Ivan Reitman,1981,49,f
Quest For Fire,Jean-Jacques Annaud,1981,48,f
Ghost Story,John Irvin,1981,47,f
The Fox and the Hound,"Ted Berman,Richard Rich, Art Stevens",1981,46,f
Only When I Laugh,Glenn Jordan,1981,45,f
The Legend of the Lone Ranger,William A. Fraker,1981,44,f
An American Werewolf in London,John Landis,1981,43,f
The Devil and Max Devlin,Steven Hilliard Stern,1981,38,f
Conan the Barbarian,John Milius,1981,37,f
The Cannonball Run,Hal Needham,1981,33,f
Tribute,Bob Clark,1981,30,f
Fanny and Alexander,Ingmar Bergman,1982,89,f
Sans soleil,Chris Marker,1982,88,f
The Draughtsman's Contract,Peter Greenaway,1982,72,f
Angel,Neil Jordan,1982,70,f
The Return of Martin Guerre,Daniel Vigne,1982,69,f
Jom,Ababacar Samb-Makharam,1982,68,f
Tootsie,Sydney Pollack,1982,74,f
Poltergeist,Tobe Hooper,1982,73,f
The E.T. Extra Terrestrial,Steven Spielberg,1982,75,f
The Dark Crystal,Jim Henson & Frank Oz,1982,67,f
A Midsummer Night's Sex Comedy,Woody Allen,1982,66,f
Peel,Jane Campion,1982,65,f
The Atomic Cafe,"Jane Leader, Kevin Rafferty, Pierce Rafferty",1982,64,f
Cafe Flesh,Rinse Dream & F.X. Pope,1982,62,f
Diner,Berry Levinson,1982,61,f
The Star Trek: Wrath of Khan,Nicholas Meyer,1982,60,f
The Secret of NIMH,Don Bluth,1982,59,f
Tron,Steven Lisberger,1982,58,f
The Thing,John Carpenter,1982,57,f
Gandhi,Richard Attenborough,1982,56,f
Creepshow,Geroge Romero,1982,55,f
48 HRS.,Walter Hill,1982,54,f
The Wall,Alan Parker,1982,53,f
The Airplane II: Sequel,Ken Filkleman,1982,51,f
The Best Little Whorehouse In Texas,Colin Higgins,1982,50,f
Annie,John Huston,1982,45,f
Rocky III,Sylvester Stallone,1982,40,f
Young Doctors in Love,Garry Marshall,1982,35,f
The Toy,Richard Donner,1982,34,f
Savannah Smiles,Pierre De Moro,1982,20,f
Videodrome,David Cronenberg,1983,88,f
Pauline at the Beach,Eric Rohmer,1983,86,f
"That Day, at the Beach",Edward Yang,1983,83,f
Zelig,Woody Allen,1983,74,f
Local Hero,Bill Forsyth,1983,73,f
The King of Comedy,Martin Scorsese,1983,77,f
First Name: Carmen,Jean-Luc Godard,1983,66,f
Passionless Moments,Jane Campion & Gerard Lee,1983,65,t
Hell Spit Flexion,Stan Brakhage,1983,64,t
Seventeen,Joel DeMott & Jeff Kreines,1983,61,f
Geek Maggot Bingo,Nick Zedd,1983,60,t
Poetry in Motion,Ron Mann,1983,59,f
The Monty Python's Meaning of Life,Terry Jones,1983,58,f
The Dead Zone,David Cronenberg,1983,57,f
Sugar Cane Alley,Euzhan Palcy,1983,56,f
Something Wicked This Way Comes,Jack Clayton,1983,55,f
Brainstorm,Douglas Trumbull,1983,54,f
Trading Places,John Landis,1983,53,f
Return of the Jedi,Richard Marquand,1983,52,f
Betrayal,David Hugh Jones,1983,51,f
A Christmas Story,Bob Clark,1983,50,f
Never Cry Wolf,Carroll Ballard,1983,49,f
WarGames,John Badham,1983,48,f
Strange Brew,Rick Moranis & Dave Thomas,1983,47,f
Risky Business,Paul Brickman,1983,46,f
Phar Lap,Simon Wincer,1983,45,f
Christine,John Carpenter,1983,44,f
Never Say Never Again,Irwin Kershner,1983,43,f
Superman III,Richard Lester,1983,42,f
Cujo,Lewis Teague,1983,41,f
High Road to China,Brian G. Hutton,1983,40,f
Jaws 3-D,Joe Alves,1983,30,f
Spacehunter: Adventures in the Forbidden Zone,Lamont Johnson,1983,25,f
Mr. Mom,Stan Dragoti,1983,20,f
Next of Kin,Atom Egoyan,1984,90,f
A Girl's Own Story,Jane Campion,1984,89,f
"Paris, Texas",Wim Wenders,1984,87,f
Heimat,Edgar Reitz,1984,86,f
Repo Man,Paul Cox,1984,75,f
The Cabinet of Jan Svankmajer,Keith Griffiths & Brothers Quay,1984,74,t
Peggy and Fred in Hell,Peggy Thorton,1984,73,t
This is Spinal Tap,Rob Reiner,1984,82,f
After Hours,Martin Scorsese,1984,72,f
The Terminator,James Cameron,1984,71,f
Broadway Danny Rose,Woody Allen,1984,70,f
Places in the Heart,Robert Benton,1984,67,f
Purple Rain,Albert Magnoli,1984,66,f
Choose Me,Alan Rudolph,1984,65,f
Dune,David Lynch,1984,64,f
Dreamscape,Joseph Ruben,1984,63,f
Top Secret!,"Jim Abrahams, David Zucker, Jerry Zucker",1984,62,f
Frankenweenie,Tim Burton,1984,60,t
The Muppets Take Manhattan,Frank Oz,1984,59,f
The Flamingo Kid,Garry Marshall,1984,58,f
The NeverEnding Story,Wolfgang Petersen,1984,57,f
Ghostbusters,Ivan Reitman,1984,56,f
Gremlins,Joe Dante,1984,55,f
A Nightmare on Elm Street,Wes Craven,1984,54,f
Teachers,Arthur Hiller,1984,53,f
Indiana Jones and the Temple of Doom,Steven Spielberg,1984,52,f
Starman,John Carpenter,1984,51,f
Iceman,Fred Schepisi,1984,50,f
Beverly Hills Cop,Martin Brest,1984,49,f
Splash,Ron Howard,1984,47,f
The Natural,Barry Levinson,1984,46,f
Sixteen Candles,John Hughes,1984,46,f
The Razor's Edge,John Byrum,1984,45,f
Star Trek III: The Search for Spock,Leonard Nimoy,1984,44,f
Firestarter,Richard Lester,1984,42,f
The Last Starfighter,Nick Castle,1984,41,f
Oh God! You Devil,Paul Bogart,1984,40,f
Micki + Maude,Blake Edwards,1984,39,f
Revenge of the Nerds,Jeff Kanew,1984,38,f
Red Dawn,John Milius,1984,37,f
Romancing the Stone,Robert Zemeckis,1984,36,f
Police Academy,Hugh Wilson,1984,35,f
Johnny Dangerously,Amy Heckerling,1984,34,f
The Karate Kid,John G. Avildsen,1984,33,f
Supergirl,Jeannot Szware,1984,16,f
Irreconcilable Differences,Charles Shyer,1984,5,f
Vagabond,Agnes Varda,1985,88,f
Brazil,Terry Gilliam,1985,87,f
Lost in America,Albert Brooks,1985,86,f
A Zed and Two Naughts,Peter Greenaway,1985,78,f
A Time to Live and a Time to Die,Hou Hsiao-hsien,1985,72,f
This Unnameable Little Broom,Brothers Quay,1985,71,t
Hail Mary,Jean-Luc Godard,1985,70,f
"Water, Wind, Dust",Amir Naderi,1985,69,f
The Company of Wolves,Neil Jordan,1985,68,f
Taipei Story,Edward Yang,1985,67,f
My Beautiful Laundrette,Stephen Frears,1985,66,f
The Purple Rose of Cairo,Woody Allen,1985,65,f
Prizzi's Honor,John Huston,1985,68,f
26 Bathrooms,Peter Greenaway,1985,64,t
Pee-wee's Big Adventure,Tim Burton,1985,70,f
Kiss of the Spider Woman,Hector Babenco,1985,63,f
Fool for Love,Robert Altman,1985,62,f
Witness,Peter Weir,1985,61,f
Desperately Seeking Susan,Susan Seidelman,1985,60,f
Thrust in Me,Nick Zedd,1985,57,t
Three Men and a Cradle,Coline Serreau,1985,56,f
Fright Night,Agnieska Holland,1985,55,f
Better Off Dead,Savage Steve Holland,1985,54,f
Weird Science,John Hughes,1985,53,f
Young Sherlock Holmes,Barry Levinson,1985,52,f
Teen Wolf,Rod Daniel,1985,50,f
Cat's Eye,Lewis Teague,1985,49,f
St. Elmo's Fire,Joel Schumacher,1985,48,f
Jagged Edge,Richard Marquand,1985,47,f
Return to Oz,Walter Murch,1985,46,f
The Breakfast Club,John Hughes,1985,45,f
A View to a Kill,John Glen,1985,44,f
"A Nightmare on Elm Street, Part 2: Freddy's Revenge",Jack Sholder,1985,43,f
The Black Cauldron,Ted Berman & Richard Rich,1985,42,f
Cocoon,Ron Howard,1985,41,f
Brewster's Millions,Walter Hill,1985,40,f
The Return of the Living Dead,Dan O'Bannon,1985,39,f
The Jewel of the Nile,Lewis Teague,1985,38,f
Clue,Jonathan Lynn,1985,37,f
Rocky IV,Sylvester Stallone,1985,36,f
Enemy Mine,Wolfgang Petersen,1985,35,f
Baby...Secret of the Lost Legend,Bill L. Norton,1985,19,f
Silver Bullet,Daniel Attias,1985,13,f
Santa Claus,Jeannot Szware,1985,7,f
The Sacrifice,Andrei Tarkovsky,1986,88,f
Hannah and Her Sisters,Woody Allen,1986,87,f
Summer,Eric Rohmer,1986,86,f
Two Friends,Jane Campion,1986,80,f
Bad Blood,Leos Carax,1986,76,f
Street of Crocodiles,Brothers Quay,1986,75,t
A Better Tomorrow,John Woo,1986,74,f
Betty Blue,Jean-Jacques Beineix,1986,73,f
Aliens,James Cameron,1986,71,f
River's Edge,Tim Hunter,1986,69,f
Mona Lisa,Neil Jordan,1986,68,f
Something Wild,Jonathan Demme,1986,67,f
Sid and Nancy,Paul Cox,1986,66,f
She's Gotta Have it,Spike Lee,1986,64,f
A Room With a View,James Ivory,1986,63,f
True Stories,David Byrne,1986,62,f
Tampopo,Juzo Itami,1986,61,f
Platoon,Oliver Stone,1986,59,f
The Color of Money,Martin Scorsese,1986,58,f
Ruthless People,"Jim Abrahams, David Zucker, Jerry Zucker",1986,57,f
Children of a Lesser God,Randa Haines,1986,56,f
"Luxo, Jr.",John Lasseter,1986,55,t
Stand by Me,Rob Reiner,1986,54,f
The Morning After,Sydney Lumet,1986,53,f
Peggy Sue Got Married,Francis Ford Coppola,1986,52,f
Labyrinth,Jim Henson,1986,51,f
Brighton Beach Memoirs,Gene Saks,1986,50,f
Ferris Bueller's Day Off,John Hughes,1986,49,f
Little Shop of Horrors,Frank Oz,1986,48,f
Crocodile Dundee,Peter Faiman,1986,47,f
Invaders From Mars,Tobe Hooper,1986,46,f
The Money Pit,Richard Benjamin,1986,45,f
Pretty in Pink,Howard Deutsh,1986,44,f
The Great Mouse Detective,"John Musker, Ron Clements, David Michener, Burny Mattinson",1986,43,f
House,Steve Miner,1986,42,f
The Three Amigos!,John Landis,1986,41,f
Hoosiers,David Anspaugh,1986,40,f
The Star Trek IV: Voyage Home,Leonard Nimoy,1986,39,f
Wise Guys,Brian De Palma,1986,38,f
SpaceCamp,Harry Winer,1986,37,f
An American Tail,Don Bluth,1986,36,f
Short Circuit,John Badham,1986,35,f
Nothing in Common,Garry Marshall,1986,26,f
Poltergeist II: The Other Side,Brian Gibson,1986,25,f
Top Gun,Tony Scott,1986,24,f
Maximum Overdrive,Stephen King,1986,11,f
Yeelen,Souleymane Cissé,1987,92,f
Wings of Desire,Wim Wenders,1987,91,f
Drowning By Numbers,Peter Greenaway,1988,90,f
Camp de Thiaroye,Ousmane Sembene & Thierno Faty Sow,1987,82,f
Boyfriends and Girlfriends,Eric Rohmer,1987,78,f
Intervista,Frederico Fellini,1987,76,f
Broadcast News,Albert Brooks,1987,83,f
Rouge,Stanley Kwan,1987,75,f
Medea,Lars von Trier,1987,74,f
House of Games,David Mamet,1987,73,f
Prick Up Your Ears,Stephen Frears,1987,70,f
Family Viewing,Atom Egoyan,1987,68,f
The Belly of an Architect,Peter Greenaway,1987,67,f
Raising Arizona,Joel Coen,1987,66,f
Full Metal Jacket,Stanley Kubrick,1987,65,f
Barfly,Barbet Schroeder,1987,64,f
Housekeeping,Bill Forsyth,1987,63,f
Hope and Glory,John Boorman,1987,62,f
Robocop,Paul Verhoeven,1987,61,f
Radio Days,Woody Allen,1987,60,f
Au revoir les enfants,Louis Malle,1987,59,f
The Dead,John Huston,1987,58,f
Damned if You Don't,Su Friedrich,1987,57,t
Evil Dead II,Sam Raimi,1987,56,f
Babette's Feast,Gabriel Avel,1987,54,f
The Glass Menagerie,Paul Newman,1987,53,f
Angel Heart,Alan Parker,1987,52,f
The Running Man,Paul Michael Glaser,1987,51,f
A Nightmare on Elm Street 3: Dream Warriors,Chuck Russell,1987,50,f
The Witches of Eastwick,George Miller,1987,48,f
Predator,John McTiernan,1987,47,f
The Bedroom Window,Curtis Hanson,1987,46,f
The Big Easy,Jim McBride,1987,45,f
Nekromantik,Jorg Buttgereit,1987,44,f
Innerspace,Joe Dante,1987,43,f
Aria,"Robert Altman, Bruce Beresford, Bill Bryden, Derek Jarman, Jean-Luc Godard, Franc Roddam, Nicolas Roeg, Charles Stu",1987,41,f
Roxanne,Fred Schepisi,1987,40,f
The Untouchables,Brian De Palma,1987,39,f
Tin Men,Barry Levinson,1987,38,f
The Stepfather,Joseph Ruben,1987,37,f
Wall Street,Oliver Stone,1987,36,f
Gothic,Ken Russell,1987,35,f
Dead of Winter,Arthur Penn,1987,34,f
Fatal Attraction,Adrian Lyne,1987,33,f
No Way Out,Roger Donaldson,1987,32,f
Throw Mama From the Train,Danny DeVito,1987,31,f
Lethal Weapon,Richard Donner,1987,30,f
The Living Daylights,John Glen,1987,29,f
Creepshow 2,Michael Gornick,1987,28,f
Can't Buy Me Love,Steve Rash,1987,27,f
Dirty Dancing,Emile Ardolino,1987,26,f
Someone to Watch Over Me,Ridley Scott,1987,25,f
The Secret of My Success,Herbert Ross,1987,24,f
Black Widow,Bob Rafelson,1987,23,f
The Lost Boys,Joel Schumacher,1987,22,f
Good Morning Vietnam,Barry Levinson,1987,21,f
Three Men and a Baby,Leonard Nimoy,1987,20,f
The Superman IV: Quest for Peace,Sydney J. Furie,1987,19,f
Beverly Hills Cop II,Tony Scott,1987,13,f
Summer School,Carl Reiner,1987,12,f
The Pick-Up Artist,James Toback,1987,8,f
Hello Again,Frank Perry,1987,4,f
"Distant Voices, Still Lives",Terence Davies,1988,91,f
Dead Ringers,David Cronenberg,1988,91,f
Rehearsals For Extinct Anatomies,Brothers Quay,1988,72,t
The Unbearable Lightness of Being,Philip Kaufman,1988,74,f
Dangerous Liasons,Stephen Frears,1988,73,f
Tales From the Gimli Hospital,Guy Maddin,1988,72,f
Zan Boko,Gaston Kaboré,1988,68,f
Women on the Verge of a Nervous Breakdown,Pedro Almodóvar,1988,70,f
The Last Temptation of Christ,Martin Scorsese,1988,69,f
The Vanishing,George Sluizer,1988,68,f
Comic Book Confidential,Ron Mann,1988,67,f
Chocolat,Claire Denis,1988,65,f
Cinema Paradiso,Giuseppe Tornatore,1988,55,f
Who Framed Roger Rabbit?,Robert Zemeckis,1988,64,f
Hairspray,John Waters,1988,63,f
Bull Durham,Ron Shelton,1988,70,f
A Fish Called Wanda,Charles Crichton,1988,63,f
Die Hard,John McTiernan,1988,62,f
The Naked Gun: From the Files of Police Squad!,David Zucker,1988,62,f
The Milagro Beanfield War,Robert Redford,1988,60,f
The Lair of the White Worm,Ken Russell,1988,59,f
Biloxi Blues,Mike Nichols,1988,58,f
Working Girl,Mike Nichols,1988,57,f
Married to the Mob,Jonathan Demme,1988,56,f
Bagdad Cafe,Percy Adlon,1988,55,f
Frantic,Roman Polanski,1988,54,f
Big,Penny Marshall,1988,52,f
Tequila Sunrise,Robert Towne,1988,51,f
D.O.A.,Rocky Morton & Annabel Jankel,1988,50,f
The Moderns,Alan Rudolph,1988,49,f
The Serpent and the Rainbow,Wes Craven,1988,48,f
Colors,Dennis Hopper,1988,47,f
Torch Song Trilogy,Paul Bogart,1988,46,f
Big Top Pee-Wee,Randal Kleiser,1988,45,f
Rain Man,Barry Levinson,1988,44,f
Mississippi Burning,Alan Parker,1988,43,f
Cocktail,Roger Donaldson,1988,42,f
Spaceballs,Mel Brooks,1988,41,f
Clean and Sober,Glenn Gordon Caron,1988,40,f
Dirty Rotten Scoundrels,Frank Oz,1988,39,f
Crocodile Dundee II,John Cornell,1988,38,f
Oliver & Company,George Scribner,1988,37,f
Punchline,David Seltzer,1988,36,f
A Nightmare on Elm Street 4: The Dream Master,Renny Harlin,1988,35,f
Tapeheads,Bill Fishman,1988,34,f
Stealing Home,Steven Kampmann & William Porter,1988,18,f
Fresh Horses,David Anspaugh,1988,17,f
The Killer,John Woo,1989,90,f
Drugstore Cowboy,Gus Van Sant,1989,92,f
Sweetie,Jane Campion,1989,88,f
The Asthenic Syndrome,Kira Muratova,1989,85,f
Monsieur Hire,Patrice Leconte,1989,78,f
Too Beautiful For You,Bertrand Blier,1989,75,f
The Icicle Thief,Mauritzio Nichetti,1989,74,f
Crimes and Misdemeanors,Woody Allen,1989,73,f
Henry V,Kenneth Branagh,1989,72,f
Do the Right Thing,Spike Lee,1989,73,f
The Tetsuo: Iron Man,Shinya Tsukamoto,1989,72,f
My Left Foot,Jim Sheridan,1989,72,f
"The Cook, the Thief, His Wife, and Her Lover",Peter Greenaway,1989,71,f
Speaking Parts,Atom Egoyan,1989,71,f
Santa sangre,Alejandro Jodorowski,1989,69,f
Roger and Me,Michael Moore,1989,68,f
"Enemies, a Love Story",Paul Mazursky,1989,67,f
The Fabulous Baker Boys,Steve Kloves,1989,66,f
Glory,Edward Zwick,1989,64,f
The Abyss,James Cameron,1989,63,f
Last Exit to Brooklyn,Uli Edel,1989,62,f
The Adventures of Baron Munchausen,Terry Gilliam,1989,61,f
Batman,Tim Burton,1989,60,f
New York Stories,"Woody Allen, Francis Ford Coppola, Martin Scorsese",1989,59,f
May Fools,Louis Malle,1989,58,f
The War of the Roses,Danny DeVito,1989,57,f
Driving Miss Daisy,Bruce Beresford,1989,56,f
Road House,Rowdy Herrington,1989,55,f
When Harry Met Sally,Rob Reiner,1989,54,f
Sea of Love,Harold Becker,1989,53,f
Dead Calm,Phillip Noyce,1989,52,f
Heathers,Michael Lehmann,1989,50,f
Parents,Bob Balaban,1989,49,f
Indiana Jones and the Last Crusade,Steven Spielberg,1989,48,f
"Honey, I Shrunk the Kids",Joe Johnston,1989,47,f
Three Bewildered People in the Night,Gregg Araki,1989,46,f
Next of Kin,John Irvin,1989,45,f
Pet Sematary,Mary Lambert,1989,44,f
Field of Dreams,Phil Alden Robinson,1989,43,f
Dead Poets Society,Peter Weir,1989,42,f
She-devil,Susan Siedelman,1989,41,f
Star Trek V: The Final Frontier,William Shatner,1989,40,f
Pink Cadillac,Buddy Van Horn,1989,39,f
Born on the Fourth of July,Oliver Stone,1989,38,f
Weekend at Bernie's,Ted Kotchoff,1989,37,f
Parenthood,Ron Howard,1989,36,f
Lethal Weapon 2,Richard Donner,1989,35,f
Great Balls of Fire!,Jim McBride,1989,34,f
License to Kill,John Glen,1989,33,f
Bill and Ted's Excellent Adventure,Steven Herek,1989,32,f
Ghostbusters II,Ivan Reitman,1989,31,f
Steel Magnolias,Herbert Ross,1989,15,f
Sink or Swim,Su Friedrich,1990,91,t
Life is Sweet,Mike Leigh,1990,90,f
Goodfellas,Martin Scorsese,1990,90,f
The Grifters,Stephen Frears,1990,86,f
Paris is Burning,Jenny Livingston,1990,80,f
Ju Dou,Zhang Yimou,1990,76,f
An Angel at My Table,Jane Campion,1990,75,f
American Dream,Barbara Kopple,1990,74,f
Reversal of Fortune,Barbet Schroeder,1990,72,f
Wild at Heart,David Lynch,1990,71,f
Edward Scissorhands,Tim Burton,1990,70,f
The Garden,Derek Jarman,1990,69,f
Jollies,Sadie Benning,1990,68,t
Europa Europa,Agnieszka Holland,1990,67,f
Rosencrantz and Guildenstern are Dead,Tom Stoppard,1990,66,f
The Disenchanted,Benoit Jacquot,1990,65,f
"The Godfather,Part III",Francis Ford Coppola,1990,64,f
"After Dark, My Sweet",James Foley,1990,63,f
The Comfort of Strangers,Paul Schrader,1990,62,f
Akira Kurosawa's Dreams,Akira Kurosawa,1990,61,f
Henry: Portrait of a Serial Killer,John McNaughton,1990,60,f
Tie Me Up! Tie Me Down!,Pedro Almodóvar,1990,58,f
Nikita,Luc Besson,1990,57,f
The Reflecting Skin,Philip Ridley,1990,57,f
Henry and June,Philip Kaufman,1990,56,f
Misery,Rob Reiner,1990,55,f
King of New York,Abel Ferrara,1990,55,f
Alice,Woody Allen,1990,54,f
The Russia House,Fred Schepisi,1990,54,f
Postcards From the Edge,Mike Nichols,1990,53,f
The Freshman,Andrew Bergman,1990,53,f
Presumed Innocent,Alan J. Pakula,1990,52,f
Cyrano de Bergerac,Jean-Paul Rappeneau,1990,52,f
Total Recall,Paul Verhoeven,1990,51,f
The Hunt for Red October,John McTiernan,1990,51,f
The Unbelievable Truth,Hal Hartley,1990,50,f
Hamlet,Franco Zeffirelli,1990,50,f
Flatliners,Joel Schumacher,1990,49,f
Internal Affairs,Mike Figgis,1990,49,f
Memphis Belle,Michael Caton-Jones,1990,48,f
Mermaids,Richard Benjamin,1990,47,f
Mr. and Mrs. Bridge,James Ivory,1990,47,f
Arachnophobia,Frank Marshall,1990,46,f
Dick Tracy,Warren Beatty,1990,46,f
Tune in Tomorrow...,Jon Amiel,1990,45,f
Gremlins 2: The New Batch,Joe Dante,1990,66,f
Ghost,Jerry Zucker,1990,43,f
The Rescuers Down Under,Hendel Butoy & Mike Gabriel,1990,42,f
Narrow Margin,Peter Hyams,1990,41,f
Days of Thunder,Tony Scott,1990,40,f
The Neverending Story II: The Next Chapter,George Miller,1990,39,f
Shipwrecked,Nils Gaup,1990,38,f
My Blue Heaven,Herbert Ross,1990,37,f
Teenage Mutant Ninja Turtles,Steve Barron,1990,36,f
Dances With Wolves,Kevin Costner,1990,35,f
Awakenings,Penny Marshall,1990,34,f
Kindergarten Cop,Ivan Reitman,1990,33,f
Home Alone,Chris Columbus,1990,32,f
Rocky V,John G. Avildsen,1990,31,f
Die Hard 2,Renny Harlin,1990,28,f
Robocop 2,Irvin Kershner,1990,25,f
Lionheart,Sheldon Lettich,1990,23,f
Pretty Woman,Garry Marshall,1990,22,f
Opportunity Knocks,Donald Petrie,1990,20,f
Another 48 HRS.,Walter Hill,1990,17,f
Graveyard Shift,Ralph S. Singleton,1990,14,f
Bird on a Wire,John Badham,1990,12,f
Night of the Living Dead,Tom Savini,1990,25,f
Sibling Rivalry,Carl Reiner,1990,10,f
Slacker,Richard Linklater,1991,92,f
A Brighter Summer Day,Edward Yang,1991,90,f
Les Amants du Pont-Neuf,Leos Carax,1991,89,f
Barton Fink,Joel Coen,1991,88,f
Raise the Red Lantern,Zhang Yimou,1991,83,f
Europa,Lars Von Trier,1991,80,f
My Own Private Idaho,Gus Van Sant,1991,79,f
One False Move,Carl Franklin,1991,70,f
Begotten,E. Elias Merhige,1991,68,f
Hearts of Darkness: A Filmmaker's Apocalypse,Fax Bahr & George Hickenlooper,1991,67,f
"Olivier, Olivier",Agnieszka Holland,1991,66,f
Days of Being Wild,Wong Kar-wai,1991,65,f
City of Hope,John Sayles,1991,65,f
Prospero's Books,Peter Greenaway,1991,64,f
Homo Faber,Volker Schlöndorff,1991,64,f
Edward II,Derek Jarman,1991,63,f
Kafka,Steven Soderbergh,1991,63,f
"Sex, Drugs, and Rock 'n' Roll",John McNaughton,1991,62,f
Sango Malo,Bassek Ba Kobhio,1991,62,f
Thelma and Louise,Ridley Scott,1991,61,f
Delicatessen,Jean-Pierre Jeunet & Marc Caro,1991,61,f
Until the End of the World,Wim Wenders,1991,60,f
A Midnight Clear,Stuart Gordon,1991,60,f
Rambling Rose,Martha Coolidge,1991,59,f
Terminator 2: Judgement Day,James Cameron,1991,59,f
High Heels,Pedro Almodóvar,1991,58,f
North on Evers,James Benning,1991,57,f
Cape Fear,Martin Scorsese,1991,57,f
Boyz N the Hood,John Singleton,1991,56,f
JFK,Oliver Stone,1991,56,f
Madonna: Truth or Dare,Alek Keshishian,1991,55,f
Defending Your Life,Albert Brooks,1991,55,f
Chameleon Street,Wendell B. Harris Jr.,1991,54,f
Bugsy,Barry Levinson,1991,54,f
Dead Again,Kenneth Branagh,1991,53,f
First Comes Love,Su Friedrich,1991,53,t
Johnny Stecchino,Roberto Benigni,1991,52,f
New Jack City,Mario Van Peebles,1991,51,f
Homicide,David Mamet,1991,51,f
The Doctor,Randa Haines,1991,50,f
Backdraft,Ron Howard,1991,49,f
Body Parts,Eric Red,1991,49,f
The Doors,Oliver Stone,1991,48,f
Jungle Fever,Spike Lee,1991,48,f
Beauty and the Beast,Gary Trousdale & Kirk Wise,1991,47,f
The Last Boy Scout,Tony Scott,1991,47,f
Frankie and Johnny,Garry Marshall,1991,46,f
Point Break,Katheryn Bigelow,1991,46,f
The Fisher King,Terry Gilliam,1991,45,f
Nekromantik 2,Jorg Buttgereit,1991,45,f
Enchanted April,Mike Newell,1991,44,f
Mortal Thoughts,Alan Rudloph,1991,44,f
The Commitments,Alan Parker,1991,43,f
White Palace,Luis Mandoki,1991,43,f
Class Action,Michael Apted,1991,42,f
The Rocketeer,Joe Johnston,1991,42,f
The Naked Gun 2 1/2: The Smell of Fear,David Zucker,1991,41,f
Star Trek VI: The Undiscovered Country,Nicholas Meyer,1991,41,f
Hudson Hawk,Michael Lehmann,1991,40,f
Hot Shots!,Jim Abrahams,1991,40,f
Grand Canyon,Lawrence Kasdan,1991,39,f
An American Tail: Feivel Goes West,Phil Nibbelink & Simon Wells,1991,39,f
Straight out of Brooklyn,Matty Rich,1991,38,f
The Five Heartbeats,Robert Townsend,1991,38,f
The Addams Family,Barry Sonnenfeld,1991,37,f
Other People's Money,Norman Jewison,1991,37,f
Doc Hollywood,Michael Caton-Jones,1991,36,f
Prince of Tides,Barbara Streisand,1991,36,f
Robin Hood: Prince of Thieves,Kevin Reynolds,1991,35,f
Paradise,Mary Agnes Donoghue,1991,35,f
Hook,Steven Spielberg,1991,34,f
Regarding Henry,Mike Nichols,1991,34,f
Don't Tell Mom the Babysitter's Dead,Stephen Herek,1991,33,f
Taking Care of Business,Arthur Hiller,1991,33,f
Sleeping With the Enemy,Joseph Ruben,1991,32,f
Fatal Instinct,John Dirlam,1991,32,f
Turtle Beach,Stephen Wallace,1991,31,f
My Girl,Howard Zieff,1991,31,f
Whore,Ken Russell,1991,30,f
What About Bob?,Frank Oz,1991,30,f
Teenage Mutant Ninja Turtles 2: The Secret of the Ooze,Michael Pressman,1991,29,f
Father of the Bride,Charles Shyer,1991,29,f
The Hand that Rocks the Cradle,Curtis Hanson,1991,28,f
City Slickers,Blair Underwood,1991,28,f
Fried Green Tomatoes,Jon Avnet,1991,27,f
My Heroes Have Always Been Cowboys,Stuart Rosenberg,1991,27,f
Double Impact,Sheldon Lettich,1991,26,f
Harley Davidson and the Marlboro Man,Simon Wincer,1991,26,f
Ernest Scared Stupid,John R. Cherry III,1991,25,f
Freddy's Dead: The Final Nightmare,Rachel Talalay,1991,25,f
Necessary Roughness,Stan Dragoti,1991,24,f
Out for Justice,John Flynn,1991,24,f
All I Want For Christmas,Robert Lieberman,1991,23,f
Career Opportunities,Bryan Gordon,1991,23,f
King Ralph,David S. Ward,1991,22,f
Quigley Down Under,simon Wincer,1991,21,f
Nothing But Trouble,Dan Aykroyd,1991,16,f
The Super,Rod Daniel,1991,15,f
Only the Lonely,Chris Columbus,1991,13,f
Dutch,Peter Faiman,1991,11,f
Drop Dead Fred,Ate de Jong,1991,12,f
Pure Luck,Nadia Tass,1991,10,f
Another You,Maurice Phillips,1991,9,f
Curly Sue,John Hughes,1991,8,f
The Long Day Closes,Terence Davies,1992,90,f
The Player,Robert Altman,1992,91,f
The Crying Game,Neil Jordan,1992,88,f
Husbands and Wives,Woody Allen,1992,80,f
Un coeur en hiver,Claude Sautet,1992,79,f
Hyenas,Djibril Diop Mambéty,1992,76,f
Naked Lunch,David Cronenberg,1992,75,f
The Oak,Lucian Pintilie,1992,74,f
Careful,Guy Maddin,1992,73,f
A Winter's Tale,Eric Rohmer,1992,72,f
The Stolen Children,Gianni Amelio,1992,71,f
Guelwaar,Ousmane Sembene,1992,69,f
Highway Patrolman,Paul Cox,1992,68,f
Glengarry Glen Ross,James Foley,1992,75,f
Brother's Keeper,Joe Berlinger & Bruce Sinofsky,1992,74,f
Howard's End,James Ivory,1992,73,f
Visions of Light: The Art of Cinematography,"Arnold Glassman, Todd McCarthy, Stuart Samuels",1992,70,f
Betty,Claude Chabrol,1992,69,f
The Jar,Ebrahim Forouzesh,1992,68,f
The Best Intentions,Bille August,1992,67,f
Man Bites Dog,"Rémy Belvaux, André Bonzel, Benoît Poelvoorde",1992,70,f
Bitter Moon,Roman Polanski,1992,65,f
Gas Food Lodging,Allison Anders,1992,72,f
Léolo,Jean-Claude Lauzon,1992,71,f
Benny's Video,Michael Haneke,1992,70,f
The Story of Qui Ju,Zhang Yimou,1992,69,f
Mammals That Gnaw,Chris Smith,1992,68,t
March Comes in Like a Lion,Hitoshi Yazaki,1992,67,f
Tetsuo II: Body Hammer,Shinya Tsukamoto,1992,67,f
El Mariachi,Robert Rodriguez,1992,66,f
Braindead,Peter Jackson,1992,66,f
The Last of the Mohicans,Michael Mann,1992,65,f
Tom Wheeler,Chris Smith,1992,65,t
Manufacturing Consent: Noam Chomsky and the Media,Mark Achbar & Peter Wintonick,1992,64,f
Bad Lieutenant,Abel Ferrara,1992,64,f
Romper Stomper,Geoffrey Wright,1992,63,f
Malcolm X,Spike Lee,1992,63,f
Singles,Cameron Crowe,1992,62,f
Basic Instinct,Paul Verhoeven,1992,62,f
Police Story 3: Supercop,Stanley Tong,1992,61,f
I'll Love You Forever...Tonight,Edgar Michael Bravo,1992,61,f
Cronos,Guillermo del Toro,1992,60,f
Flaming Ears,"Ursula Puerter, A. Hans Scheirl, Dietmar Schipek",1992,60,f
Baraka,Ron Fricke,1992,59,f
Map of the Human Heart,Vincent Ward,1992,59,f
Batman Returns,Tim Burton,1992,58,f
Like Water For Chocolate,Alfonso Arau,1992,58,f
Alien3,David Fincher,1992,57,f
Red Rock West,John Dahl,1992,57,f
The Playboys,Gillies MacKinnon,1992,56,f
Tokyo Decadence,Ryu Murakami,1992,56,f
Hero,Stephen Frears,1992,55,f
Sneakers,Phil Alden Robinson,1992,55,f
Night and the City,Irvin Winkler,1992,54,f
Bram Stoker's Dracula,Francis Ford Coppola,1992,54,f
The Lawnmower Man,Brett Leonard,1992,53,f
White Men Can't Jump,Ron Shelton,1992,53,f
Wayne's World,Penelope Spheeris,1992,52,f
Shadows and Fog,Woody Allen,1992,52,f
A Few Good Men,Rob Reiner,1992,51,f
The Mambo Kings,Arne Glimcher,1992,51,f
The Muppet Christmas Carol,Jim Henson,1992,50,f
Aladdin,Ron Clements & John Musker,1992,49,f
A River Runs Through It,Robert Redford,1992,49,f
Scent of a Woman,Martin Brest,1992,48,f
Medicine Man,John McTiernan,1992,48,f
The Cutting Edge,Paul Michael Glaser,1992,47,f
Far and Away,Ron Howard,1992,47,f
Death Becomes Her,Robert Zemeckis,1992,46,f
Mr. Baseball,Fred Schepisi,1992,46,f
Pet Sematary II,Mary Lambert,1992,45,f
A League of Their Own,Penny Marshall,1992,45,f
School Ties,Robert Mandel,1992,44,f
The Gun in Betty Lou's Handbag,Allan Moyle,1992,44,f
Under Siege,Andrew Davis,1992,43,f
Unlawful Entry,Jonathan Kaplan,1992,43,f
Passenger 57,Kevin Hooks,1992,42,f
"Honey, I Blew Up the Kid",Randal Kleiser,1992,42,f
Roadside Prophets,Abbe Wool,1992,41,f
Toys,Barry Levinson,1992,41,f
The Tom and Jerry: Movie,Phil Roman,1992,40,f
The Mighty Ducks,Stephen Herek,1992,40,f
Honeymoon in Vegas,Andrew Bergman,1992,39,f
Sleepwalkers,Mick Garris,1992,39,f
Single White Female,Barbet Schroeder,1992,38,f
Sister Act,Emile Ardolino,1992,38,f
Patriot Games,Phillip Noyce,1992,37,f
"Ferngully, the Last Rainforest",Bill Kroyer,1992,36,f
Rock-a-doodle,Don Bluth,1992,36,f
Home Alone 2: Lost in New York,Chris Columbus,1992,35,f
Housesitter,Frank Oz,1992,35,f
Boomerang,Reginald Hudlin,1992,34,f
Beethoven,Brian Levant,1992,34,f
Forever Young,Steve Miner,1992,33,f
The Bodyguard,Mick Jackson,1992,33,f
"Buffy, the Vampire Slayer",Fran Rubel Kuzui,1992,32,f
Straight Talk,Barnet Kellman,1992,32,f
Memoirs of an Invisible Man,John Carpenter,1992,31,f
Rapid Fire,Dwight H. Little,1992,31,f
Universal Soldier,Roland Emmerich,1992,30,f
Pure Country,Christopher Cain,1992,30,f
Encino Man,Les Mayfield,1992,29,f
Child's Play 3,Jack Bender,1992,27,f
3 Ninjas,Jon Turteltaub,1992,25,f
Innocent Blood,John Landis,1992,21,f
Consenting Adults,Alan J. Pakula,1992,22,f
Ladybugs,Sydney J. Furie,1992,20,f
Christopher Columbus: The Discovery,John Glen,1992,19,f
Stop! or My Mom Will Shoot,Roger Spottiswoode,1992,17,f
Lethal Weapon 3,Richard Donner,1992,15,f
Calendar,Atom Egoyan,1993,91,f
Short Cuts,Robert Altman,1993,91,f
The Piano,Jane Campion,1993,88,f
Blue,Krzysztof Kieslowski,1993,87,f
King of the Hill,Steven Soderbergh,1993,83,f
Dazed and Confused,Richard Linklater,1993,82,f
Passage à l'acte,Matthew Arnold,1993,85,t
32 Short Films About Glenn Gould,François Girard,1993,80,f
Ma Saison préférée,André Téchiné,1993,78,f
Latcho Drom,Tony Gatlif,1993,76,f
Theremin: An Electronic Odyssey,Steven M. Martin,1993,74,f
Dottie Gets Spanked,Todd Haynes,1993,72,t
Malice,Harold Becker,1993,71,f
Hélas pour moi,Jean-Luc Godard,1993,70,f
In the Name of the Father,Jim Sheridan,1993,70,f
The Scent of Green Papaya,Anh Hung Tran,1993,69,f
The Snapper,Stephen Frears,1993,69,f
The Age of Innocence,Martin Scorsese,1993,69,f
"Farewell, My Concubine",Kaige Chen,1993,68,f
Blue,Derek Jarman,1993,68,f
A Perfect World,Clint Eastwood,1993,67,f
Schindler's List,Steven Spielberg,1993,66,f
Once a Cop,Stanley Tong,1993,66,f
Executioners,Ching Siu-Tung & Johnny To,1993,66,f
The Boys of St. Vincent,John N. Smith,1993,65,f
Samba Traore,Idrissa Ouedraogo,1993,65,f
Backbeat,Iain Softley,1993,65,f
Strawberry and Chocolate,Tomás Gutiérrez Alea & Juan Carlos Tabío,1993,65,f
"Faraway, So Close!",Wim Wenders,1993,64,f
Household Saints,Nancy Savoca,1993,64,f
In the Land of the Deaf,Nicolas Philibert,1993,64,f
Menace II Society,Hughes Brothers,1993,64,f
Wittgenstein,Derek Jarman,1993,63,f
The Nightmare Before Christmas,Henry Selick,1993,63,f
Zero Patience,John Greyson,1993,63,f
D'Est,Chantal Akerman,1993,63,f
Six Degrees of Separation,Fred Schepisi,1993,62,f
Matinee,Joe Dante,1993,62,f
The Music of Chance,Philip Haas,1993,62,f
"The Wonderful,Horrible Life of Leni Riefenstahl",Ray Müller,1993,62,f
True Romance,Tony Scott,1993,61,f
Hard Target,John Woo,1993,61,f
Searching for Bobby Fischer,Steven Zaillian,1993,60,f
Much Ado About Nothing,Kenneth Branagh,1993,60,f
Kika,Pedro Amodóvar,1993,60,f
Mi vida loca,Allison Anders,1993,60,f
Naked in New York,Daniel Algrant,1993,59,f
Body Snatchers,Abel Ferrara,1993,59,f
Little Buddha,Bernardo Bertolucci,1993,59,f
The Summer House,Waris Hussein,1993,59,f
Fearless,Peter Weir,1993,58,f
M. Butterfly,David Cronenberg,1993,58,f
Road Scholar,Roger Weisberg,1993,58,f
Totally F**ked Up,Gregg Araki,1993,58,f
Germinal,Claude Berri,1993,57,f
Even Cowgirls Get the Blues,Gus Van Sant,1993,57,f
Philadelphia,Jonathan Demme,1993,57,f
Dave,Ivan Reitman,1993,56,f
A Bronx Tale,Robert DeNiro,1993,56,f
Manhattan Murder Mystery,Woody Allen,1993,56,f
Anna,Nikita Mikhalkov,1993,56,f
"Bodies, Rest and Motion",Michael Steinberg,1993,55,f
The Wedding Banquet,Ang Lee,1993,55,f
Orlando,Sally Potter,1993,55,f
Groundhog Day,Harold Ramis,1993,55,f
The House of the Spirits,Bille August,1993,54,f
This Boy's Life,Brian Caton-Jones,1993,54,f
Jurassic Park,Steven Spielberg,1993,54,f
Rising Sun,Philip Kaufman,1993,54,f
Untamed Heart,Tony Bill,1993,53,f
Sommersby,Jon Amiel,1993,53,f
The Good Son,Joseph Ruben,1993,53,f
Shadowlands,Richard Attenborough,1993,53,f
What's Eating Gilbert Grape?,Lasse Hallström,1993,52,f
Addam's Family Values,Barry Sonnenfeld,1993,52,f
Alive,Frank Marshall,1993,52,f
Jack the Bear,Marshall Herskowitz,1993,52,f
The Fugitive,Andrew Davis,1993,51,f
Indian Summer,Mike Binder,1993,51,f
Benny and Joon,Jeremiah Chechik,1993,51,f
Ethan Frome,John Madden,1993,51,f
Aspen Extreme,Patrick Hasburgh,1993,50,f
Three of Hearts,Yurek Bogayevicz,1993,50,f
Mad Dog and Glory,John McNaughton,1993,50,f
The Sandlot,David M. Evans,1993,50,f
Carlito's Way,Brian DePalma,1993,50,f
In the Line of Fire,Wolfgang Petersen,1993,49,f
What's Love Got to Do With It?,Brian Gibson,1993,49,f
The Joy Luck Club,Wayne Wang,1993,49,f
Homeward Bound: The Incredible Journey,Duwayne Dunham,1993,48,f
Guilty as Sin,Sydney Lumet,1993,48,f
Heaven and Earth,Oliver Stone,1993,48,f
Flesh and Bone,Steve Kloves,1993,48,f
Sleepless In Seattle,Nora Ephron,1993,48,f
Hot Shots! Part Deux,Jim Abrahams,1993,47,f
Boxing Helena,Jennifer Chambers Lynch,1993,47,f
The Firm,Sydney Pollack,1993,47,f
Poetic Justice,John Singleton,1993,47,f
Last Action Hero,John McTiernan,1993,47,f
The Coneheads,Steve Barron,1993,46,f
So I Married an Axe Murderer,Thomas Schlamme,1993,46,f
Meteor Man,Robert Townsend,1993,46,f
Another Stakeout,John Badham,1993,45,f
Son In Law,Steve Rash,1993,45,f
Free Willy,Simon Wincer,1993,45,f
"Dragon, the Bruce Lee Story",Rob Cohen,1993,45,f
Kalifornia,Dominic Sena,1993,44,f
Posse,Mario Van Peebles,1993,44,f
Tombstone,George P. Cosmatos,1993,44,f
Sliver,Phillip Noyce,1993,43,f
Indecent Proposal,Adrian Lyne,1993,43,f
Grumpy Old Men,Donald Petrie,1993,43,f
Robin Hood: Men in Tights,Mel Brooks,1993,43,f
Cliffhanger,Renny Harlin,1993,42,f
Wayne's World 2,Stephen Surjik,1993,42,f
My Boyfriend's Back,Bob Balaban,1993,42,f
Point of No Return,John Badham,1993,41,f
The Vanishing,George Sluizer,1993,41,f
Final Analysis,Phil Juanou,1993,40,f
The Pelican Brief,Alan J. Pakula,1993,39,f
Who's the Man?,Ted Demme,1993,38,f
Made in America,Richard Benjamin,1993,37,f
Life With Mikey,James Lapine,1993,36,f
Super Mario Bros.,Annabel Jankel & Rocky Morton,1993,34,f
Rookie of the Year,Daniel Stern,1993,32,f
Hocus Pocus,Kenny Ortega,1993,31,f
The Adventres of Huck Finn,Stephen Sommers,1993,30,f
Born Yesterday,Louis Mandoki,1993,28,f
Teenage Mutant Ninja Turtles III,Stuart Gillard,1993,26,f
Once Upon a Forest,Charles Grosvener & David Michener,1993,24,f
Loaded Weapon I,Gene Quintano,1993,22,f
Mrs. Doubtfire,Chris Columbus,1993,8,f
Cop and a Half,Henry Winkler,1993,20,f
Weekend at Bernies,Robert Klane,1993,19,f
A Far Off Place,Mikael Salomon,1993,17,f
Body of Evidence,Uli Edel,1993,15,f
Dennis the Menace,Nick Castle,1993,9,f
Red,Krzysztof Kieslowski,1994,94,f
Pulp Fiction,Quentin Tarantino,1994,91,f
Chungking Express,Kar-wai Wong,1994,90,f
Vanya on 42nd St.,Louis Malle,1994,88,f
Cold Water,Olivier Assayas,1994,86,f
Through the Olive Trees,Abbas Kiarostami,1994,84,f
Wild Reeds,André Téchiné,1994,81,f
Caro diario,Nanni Moretti,1994,79,f
Lamerica,Gianni Amelio,1994,78,f
"Ladybird, Ladybird",Ken Loach,1994,76,f
To Live,Zhang Yimou,1994,74,f
White,Krzysztof Kieslowski,1994,72,f
Hoop Dreams,Steve James,1994,70,f
Little Women,Gillian Armstrong,1994,70,f
JLG/JLG,Jean-Luc Godard,1994,69,f
Ed Wood,Tim Burton,1994,68,f
Speed,Jan de Bont,1994,68,f
Before the Rain,Milcho Manchevski,1994,68,f
Fate,Fred Kelemen,1994,67,f
Nobody Loves Me,Doris Dörrie,1994,67,f
Ermo,Xiaowen Zhou,1994,67,f
Barcelona,Whit Stillman,1994,67,f
Quiz Show,Robert Redford,1994,66,f
The Last Seduction,John Dahl,1994,66,f
Spanking the Monkey,David O. Russell,1994,66,f
The Day the Sun Turned Cold,Yim Ho,1994,66,f
Burnt By the Sun,Nikita Mikhalkov,1994,65,f
The Madness of King George,Nicholas Hytner,1994,65,f
Lisbon Story,Wim Wenders,1994,65,f
Death and the Maiden,Roman Polanski,1994,64,f
Bullets Over Broadway,Woody Allen,1994,64,f
What Happened Was...,Tom Noonan,1994,64,f
Tom's Flesh,Jane Wagner & Tom DiMaria,1994,64,t
Swimming With Sharks,George Huang,1994,63,f
Clerks,Kevin Smith,1994,63,f
The Postman (Il Postino),Michael Radford,1994,63,f
Once Were Warriors,Lee Tamahori,1994,63,f
Priest,Antonia Bird,1994,62,f
Four Weddings and a Funeral,Mike Newell,1994,62,f
Sirens,John Duigan,1994,62,f
Tom and Viv,Brian Gilbert,1994,62,f
The Shawshank Redemption,Frank Durabont,1994,61,f
Nobody's Fool,Robert Benton,1994,61,f
Clear and Present Danger,Philip Noyce,1994,61,f
The Rook,Eran Palatnik,1994,61,f
"The Adventures of Priscilla, Queen of the Desert",Stephan Elliot,1994,60,f
Faust,Jan Svankmajer & Ernst Gossner,1994,60,f
The Ref,Ted Demme,1994,60,f
The Hudsucker Proxy,Joel Coen,1994,60,f
The New Age,Michael Tolkin,1994,59,f
"Eat, Drink, Man, Woman",Ang Lee,1994,59,f
Amateur,Hal Hartley,1994,59,f
Dolores Clairborne,Taylor Hackford,1994,59,f
Muriel's Wedding,P.J. Hogan,1994,58,f
Serial Mom,John Waters,1994,58,f
The Professional,Luc Besson,1994,58,f
The Paper,Ron Howard,1994,58,f
Natural Born Killers,Oliver Stone,1994,57,f
Interview With the Vampire,Neil Jordan,1994,57,f
Immortal Beloved,Bernard Rose,1994,56,f
Wolf,Mike Nichols,1994,56,f
Mary Shelly's Frankenstein,Kenneth Branagh,1994,56,f
The Road to Wellville,Alan Parker,1994,56,f
Ready To Wear (Prêt-à-Porter),Robert Altman,1994,55,f
Go Fish,Rose Troche,1994,55,f
Dumb and Dumber,Peter Farrelly & Bobby Farrelly,1994,55,f
Threesome,Andrew Fleming,1994,55,f
Reality Bites,Ben Stiller,1994,54,f
"Maybe, Maybe Not",Sönke Wortmann,1994,54,f
Cabin Boy,Adam Resnick,1994,54,f
Jimmy Hollywood,Barry Levinson,1994,54,f
The Mask,Chuck Russell,1994,53,f
The Naked Gun 33 1/3: Final Insult,Peter Segal,1994,53,f
Blink,Michael Apted,1994,53,f
Maverick,Richard Donner,1994,53,f
Star Trek: Generations,David Carson,1994,52,f
True Lies,James Cameron,1994,52,f
The Omaha: Movie,Dan Mirvish,1994,52,f
I'll Do Anything,James L. Brooks,1994,52,f
Blown Away,Stephen Hopkins,1994,51,f
Guarding Tess,Hugh Wilson,1994,51,f
Blue Chips,William Friedkin,1994,51,f
Angie,Martha Coolidge,1994,51,f
The Lion King,Roger Allers & Rob Minkoff,1994,50,f
Miracle on 34th St.,Les Mayfield,1994,50,f
When a Man Loves a Woman,Luis Mandoki,1994,50,f
The Jungle Book,Stephen Sommers,1994,50,f
My Girl 2,Howard Zieff,1994,49,f
The Chase,Adam Rifkin,1994,49,f
Nell,Michael Apted,1994,49,f
Disclosure,Barry Levinson,1994,49,f
The River Wild,Curtis Hanson,1994,48,f
No Escape,Martin Campbell,1994,48,f
The Shadow,Russell Mulcahy,1994,48,f
White Fang 2: Myth of the White Wolf,Ken Olin,1994,48,f
Streetfighter,Steven E. de Souza,1994,47,f
Brainscan,John Flynn,1994,47,f
Speechless,Ron Underwood,1994,47,f
Radioland Murders,Mel Smith,1994,47,f
Andre,George Miller,1994,46,f
Cemetery Man,Michele Soavi,1994,46,f
It Could Happen to You,Andrew Bergman,1994,46,f
The Client,Joel Schumacher,1994,46,f
Color of Night,Richard Rush,1994,45,f
Only You,Norman Jewison,1994,45,f
I Love Trouble,Charles Shyer,1994,45,f
Little Big League,Andrew Scheinman,1994,45,f
The Little Rascals,Penelope Spheeris,1994,44,f
The Swan Princess,Richard Rich,1994,44,f
Silent Fall,Bruce Beresford,1994,44,f
Milk Money,Richard Benjamin,1994,44,f
The War,Jon Avnet,1994,43,f
Major Payne,Nick Castle,1994,43,f
Wyatt Earp,Lawrence Kasdan,1994,43,f
Junior,Ivan Reitman,1994,43,f
Greedy,Jonathan Lynn,1994,42,f
The Cowboy Way,Gregg Champion,1994,42,f
Drop Zone,John Badham,1994,42,f
I.Q.,Fred Schepisi,1994,42,f
City Slickers 2: The Legend of Curly's Gold,Paul Weiland,1994,41,f
Ace Ventura: Pet Detective,Tom Shadyac,1994,41,f
Mixed Nuts,Nora Ephron,1994,41,f
"Corrina, Corrina",Jessie Nelson,1994,41,f
Terminal Velocity,Deran Serafian,1994,40,f
Clifford,Paul Flaherty,1994,40,f
The Specialist,Luis Llosa,1994,40,f
Time Cop,Peter Hyams,1994,40,f
North,Rob Reiner,1994,39,f
The Santa Clause,John Pasquin,1994,39,f
Clean Slate,Mick Jackson,1994,39,f
Forrest Gump,Robert Zemeckis,1994,39,f
The Getaway,Roger Donaldson,1994,38,f
The Scout,Michael Ritchie,1994,38,f
Airheads,Michael Lehmann,1994,38,f
PCU,Hart Bochner,1994,38,f
Killing Zoe,Roger Avery,1994,37,f
Legends of the Fall,Edward Zwick,1994,37,f
Lassie,Daniel Petrie,1994,37,f
Black Beauty,Caroline Thompson,1994,37,f
The Next Karate Kid,Christopher Cain,1994,36,f
The Favor,Donald Petrie,1994,36,f
Trial by Jury,Heywood Gould,1994,36,f
Blankman,Mike Binder,1994,36,f
The Crow,Alex Proyas,1994,35,f
The Flintstones,Brian Levant,1994,35,f
Blank Check,Rupert Wainwright,1994,35,f
A Low Down Dirty Shame,Keenen Ivory Wayans,1994,35,f
Exit to Eden,Garry Marshall,1994,34,f
Renaissance Man,Penny Marshall,1994,34,f
Squanto: A Warrior's Tale,Xavier Koller,1994,34,f
Bad Girls,Jonathan Kaplan,1994,34,f
Richie Rich,Donald Petrie,1994,33,f
Angels in the Outfield,William Dear,1994,32,f
Wes Craven's New Nightmare,Wes Craven,1994,31,f
In the Army Now,Daniel Petrie Jr.,1994,30,f
StarGate,Roland Emmerich,1994,29,f
With Honors,Alek Keshishian,1994,28,f
Major League II,David S. Ward,1994,27,f
The D2: Mighty Ducks,Sam Weisman,1994,26,f
Highlander III: The Sorcerer,Andrew Morahan,1994,25,f
Tall Tale,Jeremiah Chechik,1994,24,f
Baby's Day Out,Patrick Read Johnson,1994,23,f
Little Giants,Duwayne Dunham,1994,21,f
Thumbelina,Don Bluth & Gary Goldman,1994,19,f
On Deadly Ground,Steven Seagal,1994,18,f
"My Father, the Hero",Steve Miner,1994,16,f
Cops and Robbersons,Michael Ritchie,1994,14,f
Trapped in Paradise,George Gallo,1994,12,f
Wagons East!,Peter Markle,1994,10,f
Beverly Hills Cop III,John Landis,1994,6,f
From the Journals of Jean Seberg,Mark Rappaport,1995,91,f
Before Sunrise,Richard Linklater,1995,91,f
Shanghai Triad,Zhang Yimou,1995,85,f
Persuasion,Roger Michell,1995,84,f
Dead Man,Jim Jarmusch,1995,82,f
American Job,Chris Smith,1995,81,f
The White Balloon,Jafar Panahi,1995,81,f
Kicking and Screaming,Noah Baumbach,1995,80,f
The Bridges of Madison County,Clint Eastwood,1995,80,f
Kids,Larry Clark,1995,74,f
La Cérémonie,Claude Chabrol,1995,78,f
"Institute Benjamenta, or This Dream People Call Human Life",Brothers Quay,1995,74,f
Cyclo,Anh Hung Tran,1995,77,f
Hate,Mathieu Kassovitz,1995,73,f
Land and Freedom,Ken Loach,1995,73,f
Se7en,David Fincher,1995,72,f
Babe,Chris Noonan,1995,71,f
12 Monkeys,Terry Gilliam,1995,70,f
Living in Oblivion,Tom DeCillo,1995,69,f
Toy Story,John Lasseter,1995,69,f
The Underneath,Steven Soderbergh,1995,68,f
The Celluloid Closet,Jeffrey Friedman & Robert Epstein,1995,67,f
Desperado,Robert Rodriguez,1995,67,f
Welcome to the Dollhouse,Todd Solondz,1995,67,f
The Pillow Book,Peter Greenaway,1995,66,f
The Neon Bible,Terence Davies,1995,66,f
Get Shorty,Barry Sonnenfeld,1995,65,f
Dead Man Walking,Tim Robbins,1995,65,f
Clockers,Spike Lee,1995,65,f
The Flower of My Secret,Pedro Almodóvar,1995,65,f
The Addiction,Abel Ferrara,1995,64,f
A Little Princess,Alfonso Cuaron,1995,64,f
Rumble in the Bronx,Stanley Tong,1995,64,f
Angels and Insects,Philip Haas,1995,64,f
Sense and Sensibility,Ang Lee,1995,63,f
The City of Lost Children,Jean-Pierre Jeunet & Marc Caro,1995,63,f
Leaving Las Vegas,Mike Figgis,1995,63,f
Guimba the Tyrant,Cheick Oumar Sissoko,1995,63,f
Funny Bones,Peter Chelsom,1995,62,f
Georgia,Ulu Grosbard,1995,62,f
Apollo 13,Ron Howard,1995,62,f
Bang,Ash,1995,62,f
"Pasolini, an Italian Crime",Marco & Tullio Giordana,1995,61,f
Young Poisoner's Handbook,Benjamin Ross,1995,61,f
Shallow Grave,Danny Boyle,1995,61,f
Hackers,Ian Softley,1995,60,f
Kiss of Death,Barbet Schroeder,1995,60,f
The Usual Suspects,Bryan Singer,1995,60,f
Carrington,Christopher Hampton,1995,60,f
Unzipped,Douglas Keeve,1995,59,f
I Just Wasn't Made For These Times,Don Was,1995,59,f
Casino,Martin Scorsese,1995,59,f
Clueless,Amy Heckerling,1995,59,f
To Die For,Gus Van Sant,1995,58,f
Smoke,Wayne Wang,1995,58,f
Heat,Michael Mann,1995,58,f
Jeffrey,Christopher Ashley,1995,58,f
Party Girl,Daisy von Sherler Mayer,1995,57,f
The Doom Generation,Gregg Araki,1995,57,f
The Brady Bunch Movie,Betty Thomas,1995,57,f
Crimson Tide,Tony Scott,1995,57,f
Braveheart,Mel Gibson,1995,56,f
Wigstock,Barry Shils,1995,56,f
Strange Days,Katheryn Bigelow,1995,56,f
The Quick and the Dead,Sam Raimi,1995,55,f
Rob Roy,Michael Caton-Jones,1995,55,f
Under Siege 2: Dark Territory,Geoff Murphy,1995,55,f
First Knight,Jerry Zucker,1995,54,f
Hideaway,Brett Leonard,1995,54,f
Outbreak,Wolfgang Petersen,1995,54,f
Bye Bye Love,Sam Weisman,1995,54,f
The Incredibly True Adventures of Two Girls in Love,Maria Maggenti,1995,53,f
The Brothers McMullen,Edward Burns,1995,53,f
Antonia's Line,Marleen Gorris,1995,53,f
Devil in a Blue Dress,Carl Franklin,1995,53,f
The Last Supper,Stacy Title,1995,52,f
Home For the Holidays,Jodie Foster,1995,52,f
Die Hard With a Vengeance,John McTiernan,1995,52,f
Screamers,Christian Duguay,1995,52,f
When Night is Falling,Patricia Rozema,1995,51,f
Circle of Friends,Pat O'Connor,1995,51,f
Mighty Aphrodite,Woody Allen,1995,51,f
Species,Roger Donaldson,1995,51,f
Mortal Kombat,Paul Anderson,1995,50,f
Higher Learning,John Singleton,1995,50,f
Fluke,Carlo Carlei,1995,50,f
The Englishman Who Went Up a Hill But Came Down a Mountain,Christopher Monger,1995,50,f
Without Air,Neil Abramson,1995,49,f
GoldenEye,Martin Campbell,1995,49,f
Sudden Death,Peter Hyams,1995,49,f
Tank Girl,Rachel Talalay,1995,49,f
Mr. Holland's Opus,Stephen Herek,1995,48,f
Murder in the First,Marc Rocco,1995,48,f
Don Juan DeMarco,Jeremy Leven,1995,48,f
Batman Forever,Joel Schumacher,1995,48,f
Losing Isiaih,Irwin Winkler,1995,47,f
French Kiss,Lawrence Kasdan,1995,47,f
The Net,Irwin Winkler,1995,47,f
The American President,Rob Reiner,1995,46,f
Dead Presidents,Hughes Brothers,1995,46,f
A Goofy Movie,Kevin Lima,1995,46,f
Lord of Illusions,Clive Barker,1995,46,f
Pocahontas,Mike Gabriel & Eric Goldberg,1995,45,f
Jumanji,Joe Johnston,1995,45,f
Grumpier Old Men,Howard Deutch,1995,45,f
A Walk in the Clouds,Alfonso Arau,1995,45,f
Balto,Simon Wells,1995,44,f
How to Make an American Quilt,Jocelyn Moorhouse,1995,44,f
While You Were Sleeping,Jon Turteltaub,1995,44,f
Money Train,Joseph Ruben,1995,44,f
Showgirls,Paul Verhoeven,1995,43,f
Something to Talk About,Lasse Hallström,1995,43,f
Just Cause,Arne Glimcher,1995,43,f
Sabrina,Sydney Pollack,1995,43,f
Unforgettable,John Dahl,1995,42,f
Small Domain,Britta Sjogren,1995,42,t
Three Wishes,Martha Coolidge,1995,42,f
Waiting to Exhale,Forest Whitaker,1995,42,f
Village of the Damned,John Carpenter,1995,41,f
The Indian in the Cupboard,Frank Oz,1995,41,f
Beyond Rangoon,John Boorman,1995,41,f
Mad Love,Antonia Bird,1995,40,f
Now and Then,Lesli Linka Glatter,1995,40,f
Powder,Victor Salva,1995,40,f
Tales From the Crypt Presents: Demon Knight,Gilbert Adler & Ernest R. Dickerson,1995,40,f
Bandwagon,John Schultz,1995,39,f
The Far From Home: Adventures of Yellow Dog,Phillip Borsos,1995,39,f
Forget Paris,Billy Crystal,1995,39,f
Casper,Brad Siberling,1995,39,f
"Steal Big, Steal Little",Andrew Davis,1995,38,f
The Mighty Morphin Power Rangers: Movie,Bryan Spicer,1995,38,f
Waterworld,Kevin Reynolds,1995,38,f
Boys on the Side,Herbert Ross,1995,38,f
White Man's Burden,Desmond Nakano,1995,37,f
Ace Ventura 2: When Nature Calls,Steve Oedekerk,1995,37,f
Copycat,Jon Amiel,1995,37,f
Dracula: Dead and Loving It,Mel Brooks,1995,37,f
Judge Dredd,Danny Cannon,1995,36,f
Johnny Mnemonic,Robert Longo,1995,36,f
The Babysitter's Club,Melanie Mayron,1995,36,f
Operation Dumbo Drop,Simon Wincer,1995,36,f
Virtuosity,Brett Leonard,1995,35,f
Born To Be Wild,John Gray,1995,35,f
Cutthroat Island,Renny Harlin,1995,35,f
Congo,Frank Marshall,1995,35,f
The Jerky Boys,James Melkanian,1995,34,f
Never Talk to Strangers,Peter Hall,1995,34,f
Fair Game,Andrew Sipes,1995,34,f
Jade,William Friedkin,1995,34,f
Tommy Boy,Peter Segal,1995,33,f
Nick of Time,John Badham,1995,33,f
Billy Madison,Tamra Davis,1995,33,f
Dangerous Minds,John N. Smith,1995,33,f
The Free Willy 2: Adventure Home,Dwight H. Little,1995,32,f
Assassins,Richard Donner,1995,31,f
The Gold Diggers: Secret of Bear Mountain,Kevin James Dobson,1995,30,f
Last of the Dogmen,Tab Murphy,1995,29,f
The Tie that Binds,Wesley Strick,1995,28,f
To Wong Foo Thanks For Everything Julie Newmar,Beeban Kidron,1995,27,f
National Lampoon's Senior Trip,Kelly Makin & Alan Smithee,1995,26,f
A Vampire in Brooklyn,Wes Craven,1995,25,f
Candyman: Farewell to the Flesh,Bill Condon,1995,24,f
Tom and Huck,Peter Hewitt,1995,23,f
The Scarlet Letter,Roland Joffé,1995,22,f
The Big Green,Holly Goldberg Sloan,1995,20,f
It Takes Two,Andy Tennant,1995,18,f
"Father of the Bride, Part II",Charles Shyer,1995,16,f
Man of the House,James Orr,1995,15,f
Big Bully,Steve Miner,1995,14,f
Jury Duty,John Fontenberry,1995,10,f
Nine Months,Chris Columbus,1995,9,f
Big Night,Stanley Tucci & Campbell Scott,1996,91,f
La Promesse,Jean-Pierre & Luc Dardenne,1996,90,f
Breaking the Waves,Lars von Trier,1996,89,f
My Sex Life...or How I Got Into an Argument,Arnaud Desplechin,1996,86,f
Nenette and Boni,Claire Denis,1996,85,f
Thieves (Les Voleurs),André Téchiné,1996,83,f
Fargo,Joel Coen,1996,81,f
Secrets and Lies,Mike Leigh,1996,80,f
Crash,David Cronenberg,1996,79,f
"Hands on a Hardbody, the Documentary",Mike Bindler,1996,75,f
Trainspotting,Danny Boyle,1996,73,f
When the Cat's Away,Cédric Klapisch,1996,72,f
Trees Lounge,Steve Buscemi,1996,71,f
The Paradise Lost: Child Murders at Robin Hood Hills,Joe Berlinger & Bruce Sinofsky,1996,71,f
Ponette,Jacques Doillon,1996,70,f
Ridicule,Patrice Leconte,1996,70,f
Gray's Anatomy,Steven Soderbergh,1996,70,f
"Single Girl, A",Benoit Jacquot,1996,70,f
Mahjong,Edward Yang,1996,69,f
The Portrait of a Lady,Jane Campion,1996,69,f
When We Were Kings,Leon Gast,1996,69,f
"Pretty Village, Pretty Flame",Srdjan Dragojevic,1996,69,f
Capiatine Conan,Bertrand Tavernier,1996,68,f
Eastern Elegy,Aleksandr Sokurov,1996,68,f
A Self-Made Hero,Jacques Audiard,1996,68,f
Forgotten Silver,Peter Jackson,1996,68,f
Gabbeh,Mohsen Moukmanbaf,1996,68,f
Walking and Talking,Nicole Holofcener,1996,67,f
Chantal Akerman by Chantal Akerman,Chantal Akerman,1996,67,f
The Funeral,Abel Ferrara,1996,67,f
I Shot Andy Warhol,Mary Harron,1996,67,f
Swingers,Doug Liman,1996,66,f
Mother,Albert Brooks,1996,66,f
Hard Eight,Paul Thomas Anderson,1996,66,f
Sudden Manhattan,Adrienne Shelly,1996,66,f
Jude,Michael Winterbottom,1996,65,f
Bound,The Brothers Wachowski,1996,65,f
Flirting With Disaster,David O. Russell,1996,65,f
From Dusk Till Dawn,Robert Rodriguez,1996,65,f
Beautiful Thing,Hettie MacDonald,1996,64,f
Temptress Moon,Chen Kaige,1996,64,f
Female Perversions,Susen Strietfield,1996,63,f
The Daytrippers,Greg Mottola,1996,63,f
Mars Attacks!,Tim Burton,1996,63,f
Schizopolis,Steven Soderbergh,1996,63,f
Eye of God,Tim Blake Nelson,1996,63,f
Basquiat,Julian Schnabel,1996,61,f
The Whole Wide World,Dan Ireland,1996,61,f
Microcosmos,Claude Huridsany & Marie Pérennou,1996,60,f
The English Patient,Anthony Minghella,1996,60,f
Michael Collins,Neil Jordan,1996,60,f
Stealing Beauty,Bernardo Bertolucci,1996,60,f
Tin Cup,Ron Shelton,1996,60,f
The People vs. Larry Flynt,Milos Forman,1996,59,f
Sling Blade,Billy Bob Thornton,1996,58,f
Ripe,Mo Ogrodnik,1996,57,f
Illtown,Nick Gomez,1996,57,f
Kolya,Jan Sverák,1996,57,f
Shine,Scott Hicks,1996,57,f
The Crucible,Nicholas Hytner,1996,57,f
Fly Away Home,Carroll Ballard,1996,56,f
Jerry Maguire,Cameron Crowe,1996,56,f
Waiting for Guffman,Christopher Guest,1996,56,f
Kingpin,Peter Farrelly & Bobby Farrelly,1996,56,f
The Nutty Professor,Tom Shadyac,1996,56,f
The Substance of Fire,Daniel J. Sullivan,1996,55,f
Set it Off,F. Gary Gray,1996,55,f
Scream,Wes Craven,1996,55,f
Emma,Douglas McGrath,1996,55,f
Surviving Picasso,James Ivory,1996,54,f
Manny and Lo,Lisa Krueger,1996,54,f
Everyone Says I Love You,Woody Allen,1996,54,f
Hype!,Doug Pray,1996,54,f
Get on the Bus,Spike Lee,1996,54,f
The Frighteners,Peter Jackson,1996,53,f
A Family Thing,Richard Pearce,1996,53,f
Mystery Science Theater 3000: The Movie,Jim Mallon,1996,53,f
"2 or 3 Things, But Nothing For Sure",Jane Wagner & Tina DiFeliciantonio,1996,53,t
Twister,Jan DeBont,1996,52,f
Courage Under Fire,Edward Zwick,1996,52,f
Muppet Treasure Island,Jim Henson,1996,52,f
The Hunchback of Notre Dame,Gary Trousdale & Kirk Wise,1996,52,f
The Truth About Cats and Dogs,Michael Lehmann,1996,51,f
The Long Kiss Goodnight,Renny Harlin,1996,51,f
Independence Day,Roland Emmerich,1996,51,f
Star Trek: First Contact,Jonathan Frakes,1996,50,f
Mission: Impossible,Brian DePalma,1996,50,f
The Birdcage,Mike Nichols,1996,50,f
Primal Fear,Gregory Hoblit,1996,50,f
Hamlet,Kenneth Branagh,1996,50,f
Fear,James Foley,1996,49,f
Joe's Apartment,John Payson,1996,49,f
Girl 6,Spike Lee,1996,49,f
The Island of Dr. Moreau,John Frankenheimer,1996,49,f
Signing Off,Robert Sarkies,1996,48,t
Kids in the Hall: Brain Candy,Kelly Makin,1996,48,f
Harriet the Spy,Bronwen Hughes,1996,48,f
James and the Giant Peach,Henry Selick,1996,48,f
White Squall,Ridley Scott,1996,47,f
Before and After,Barbet Schroeder,1996,47,f
Marvin's Room,Jerry Zaks,1996,47,f
Escape From L.A.,John Carpenter,1996,47,f
Jane Eyre,Franco Zeffirelli,1996,47,f
The Pallbearer,Matt Reeves,1996,46,f
Mulholland Falls,Lee Tamahori,1996,46,f
Matilda,Danny DeVito,1996,46,f
One Fine Day,Michael Hoffman,1996,46,f
The Arrival,David N. Twohy,1996,45,f
House Arrest,Harry Winer,1996,45,f
Extreme Measures,Michael Apted,1996,45,f
That Thing You Do!,Tom Hanks,1996,45,f
The Cable Guy,Ben Stiller,1996,44,f
Heaven's Prisoners,Phil Joanou,1996,44,f
She's the One,Edward Burns,1996,44,f
Ransom,Ron Howard,1996,44,f
Multiplicity,Harold Ramis,1996,44,f
The Mirror Has Two Faces,Barbra Streisand,1996,43,f
Striptease,Andrew Bergman,1996,43,f
Bed of Roses,Michael Goldenberg,1996,43,f
Evita,Alan Parker,1996,43,f
In Love and War,Richard Attenborough,1996,43,f
Daylight,Rob Cohen,1996,42,f
Broken Arrow,John Woo,1996,42,f
Maximum Risk,Ringo Lam,1996,42,f
Eraser,Chuck Russell,1996,42,f
Sgt. Bilko,Jonathan Lynn,1996,42,f
Unforgettable,John Dahl,1996,41,f
Michael,Nora Ephron,1996,41,f
Sleepers,Barry Levinson,1996,41,f
The Rock,Michael Bay,1996,41,f
Last Man Standing,Walter Hill,1996,40,f
Executive Decision,Stuart Baird,1996,40,f
Solo,Norberto Barba,1996,40,f
Diabolique,Jeremiah Chechik,1996,40,f
William Shakespeare's Romeo + Juliet,Baz Luhrmann,1996,40,f
Dragonheart,Rob Cohen,1996,39,f
Jingle All the Way,Brian Levant,1996,39,f
The Adventures of Pinocchio,Steve Barron,1996,39,f
The First Wives Club,Hugh Wilson,1996,39,f
If Lucy Fell,Eric Schaeffer,1996,39,f
The Substitute,Robert Mandel,1996,38,f
Mr. Wrong,Nick Castle,1996,38,f
Two if By Sea,Bill Bennett,1996,38,f
The Great White Hype,Reginald Hudlin,1996,38,f
The Ghost and the Darkness,Stephen Hopkins,1996,38,f
Chain Reaction,Andrew Davis,1996,37,f
Eddie,Steve Rash,1996,37,f
The Fan,Tony Scott,1996,37,f
Ghosts of Mississippi,Rob Reiner,1996,37,f
The Chamber,James Foley,1996,37,f
The Preacher's Wife,Penny Marshall,1996,36,f
My Fellow Americans,Peter Segal,1996,36,f
First Kid,David M. Evans,1996,36,f
The Associate,Donald Petrie,1996,36,f
Spy Hard,Rick Friedberg,1996,36,f
The Phantom,Simon Wincer,1996,35,f
Thinner,Tom Holland,1996,35,f
Phenomenon,Jon Turteltaub,1996,35,f
A Very Brady Sequel,Arlene Sanford,1996,35,f
Up Close and Personal,Jon Avnet,1996,35,f
Last Dance,Bruce Beresford,1996,34,f
All Dogs Go To Heaven 2,Larry Leker & Paul Sabella,1996,34,f
Down Periscope,David S. Ward,1996,34,f
Happy Gilmore,Dennis Dugan,1996,34,f
A Time to Kill,Joel Schumacher,1996,33,f
Race the Sun,Charles T. Kanganis,1996,33,f
The Juror,Brian Gibson,1996,32,f
Bogus,Norman Jewison,1996,31,f
101 Dalmations,Stephen Herek,1996,30,f
The Crow: City of Angels,Tim Pope,1996,29,f
Flipper,Alan Shapiro,1996,28,f
Homeward Bound II: Lost in San Francisco,David R. Ellis,1996,27,f
Lawnmower Man 2: Beyond Cyberspace,Farhad Mann,1996,26,f
The Quest,Jean-Claude Van Damme,1996,25,f
Tales From the Crypt Presents: Bordello of Blood,Gilbert Adler,1996,24,f
Ed,Bill Couturié,1996,23,f
Bulletproof,Ernest Dickerson,1996,22,f
The Glimmer Man,John Gray,1996,21,f
Celtic Pride,Tom DeCherchio,1996,20,f
Jack,Francis Ford Coppola,1996,19,f
High School High,Hart Bochner,1996,18,f
Kazaam,Paul Michael Glaser,1996,17,f
A Thin Line Between Love and Hate,Martin Lawrence,1996,16,f
Space Jam,Joe Pytka,1996,15,f
Carpool,Arthur Hiller,1996,13,f
The D3: Mighty Ducks,Robert Lieberman,1996,12,f
Black Sheep,Penelpoe Spheeris,1996,9,f
An Eye For an Eye,John Schlesinger,1996,7,f
"Fast, Cheap and Out of Control",Errol Morris,1997,91,f
"Sick: The Life and Death of Bob Flanagan, Supermasochist",Kirby Dick,1997,88,f
Fireworks (Hana-bi),Takeshi Kitano,1997,82,f
In the Company of Men,Neil LaBute,1997,79,f
Lost Highway,David Lynch,1997,76,f
Boogie Nights,Paul Thomas Anderson,1997,75,f
The Ice Storm,Ang Lee,1997,73,f
Donnie Brasco,Mike Newell,1997,70,f
Creosote,Eric Saks,1997,69,t
All Over Me,Alex Sichel,1997,69,f
SubUrbia,Richard Linklater,1997,68,f
Starship Troopers,Paul Verhoeven,1997,68,f
The Delicate Art of the Rifle,D.W. Harper,1997,67,f
Ulee's Gold,Victor Nunez,1997,66,f
Grosse Point Blank,George Armitage,1997,66,f
Ma vie en rose,Alain Berliner,1997,66,f
Chasing Amy,Kevin Smith,1997,65,f
She's So Lovely,John Cassavetes,1997,65,f
The Full Monty,Peter Cattaneo,1997,65,f
Destiny,Youssef Chahine,1997,64,f
Life is Beautiful (La Vita è bella),Roberto Benigni,1997,63,f
Good Will Hunting,Gus Van Sant,1997,63,f
4 Little Girls,Spike Lee,1997,62,f
Orphans,Peter Mullan,1997,61,f
The Edge,Lee Tamahori,1997,60,f
Uncut,John Greyson,1997,59,f
The Tango Lesson,Sally Potter,1997,59,f
Deconstructing Harry,Woody Allen,1997,58,f
Men in Black,Barry Sonnenfeld,1997,57,f
Face/Off,John Woo,1997,57,f
Gattaca,Andrew Nicchol,1997,57,f
Bent,Sean Mathias,1997,56,f
The Chambermaid of the Titanic,Bigas Luna,1997,56,f
Kiss or Kill,Bill Bennett,1997,54,f
Austin Powers: International Man of Mystery,Jay Roach,1997,54,f
Contact,Robert Zemeckis,1997,53,f
Washington Square,Agnieszka Holland,1997,53,f
Trial and Error,Jonathan Lynn,1997,53,f
As Good as it Gets,James L. Brooks,1997,52,f
The Wings of the Dove,Iain Softley,1997,52,f
Mrs. Brown,John Madden,1997,52,f
Fierce Creatures,Fred Schepisi & Robert Young,1997,52,f
Titanic,James Cameron,1997,51,f
Night Falls on Manhattan,Sydney Lumet,1997,51,f
"Niagara, Niagara",Bob Gosse,1997,51,f
Event Horizon,Paul Anderson,1997,49,f
The Lost World: Jurassic Park,Steven Spielberg,1997,49,f
The Rainmaker,Francis Ford Copolla,1997,49,f
In & Out,Paul Rudnick,1997,48,f
Mrs. Dalloway,Marleen Gorris,1997,48,f
The End of Violence,Wim Wenders,1997,47,f
Conspiracy Theory,Richard Donner,1997,46,f
The Fifth Element,Luc Besson,1997,46,f
Hercules,Ron Clements & John Musker,1997,46,f
Dante's Peak,Roger Donaldson,1997,45,f
Alien: Ressurection,Jean-Pierre Jeunet,1997,45,f
Addicted to Love,Griffin Dunne,1997,44,f
Anaconda,Luis Llosa,1997,44,f
Breakdown,Jonathan Mostow,1997,44,f
I Think I Do,Brian Sloan,1997,44,f
The Devil's Own,Alan J. Pakula,1997,43,f
Eve's Bayou,Kasi Lemmons,1997,43,f
G.I. Jane,Ridley Scott,1997,43,f
The MatchMaker,Mark Joffe,1997,42,f
Mimic,Guillermo del Toro,1997,42,f
Private Parts,Betty Thomas,1997,42,f
My Best Friend's Wedding,P.J. Hogan,1997,41,f
Scream 2,Wes Craven,1997,41,f
Romy and Michelle's High School Reunion,David Mirkin,1997,41,f
Anthem,Shainee Gabel & Kristin Hahn,1997,41,f
Rosewood,John Singleton,1997,40,f
Smilla's Sense of Snow,Bille August,1997,40,f
"East Palace, West Palace",Zhang Yuan,1997,40,f
Selena,Gregory Nava,1997,39,f
U Turn,Oliver Stone,1997,36,f
Inventing the Abbots,Pat O'Connor,1997,33,f
Sliding Doors,Peter Howitt,1997,31,f
Picture Perfect,Glenn Gordon Caron,1997,30,f
Cop Land,James Mangold,1997,29,f
Absolute Power,Clint Eastwood,1997,28,f
Speed 2: Cruise Control,Jan DeBont,1997,27,f
Con Air,Simon West,1997,26,f
"Liar, Liar",Tom Shadyac,1997,25,f
That Darn Cat,Bob Spiers,1997,23,f
Air Force One,Wolfgang Petersen,1997,22,f
Bliss,Lance Young,1997,19,f
The Pest,Paul Miller,1997,17,f
Batman and Robin,Joel Schumacher,1997,15,f
Kiss the Girls,Gary Fleder,1997,13,f
Beverly Hills Ninja,Dennis Dugan,1997,11,f
Metro,Thomas Carter,1997,10,f
Autumn Tale,Eric Rohmer,1998,72,f
The Butcher Boy,Neil Jordan,1998,72,f
My Son the Fanatic,Udayan Prasad,1998,71,f
"Late August, Early September",Olivier Assayas,1998,71,f
"Black Cat, White Cat",Emir Kusturica,1998,67,f
The Spanish Prisoner,David Mamet,1998,64,f
"Lock, Stock & Two Smoking Barrels",Guy Ritchie,1998,63,f
Pi,Darren Aronofsky,1998,61,f
"Soldier's Daughter Never Cries, A",James Ivory,1998,60,f
Nocturne,Peggy Ahwesh,1998,59,t
"God Said \""Ha!\""",Julia Sweeney,1998,58,f
Radiohead: Meeting People is Easy,Grant Gee,1998,53,f
Wild Man Blues,Barbara Kopple,1998,48,f
Le Violon rouge,François Girard,1998,48,f
La Ciudad (The City),David Riker,1998,45,f
The X Files,Rob Bowman,1998,42,f
City of Angels,Brad Silberling,1998,14,f
American Movie,Chris Smith,1999,86,f
"South Park: Bigger, Longer and Uncut",Trey Parker,1999,70,f
The Ghost Dog: Way of the Samurai,Jim Jarmusch,1999,70,f
Gohatto,Nagisa Oshima,1999,62,f
Xenia-The Sacred Lady of St. Petersburg,Katariina Lillqvist,1999,61,t
"Walk on the Moon, A",Tony Goldwyn,1999,56,f
The Sex: Annabel Chong Story,Gough Lewis,1999,56,f
House Sitting,Tony Gault,1999,56,t
The Austin Powers: Spy Who Shagged Me,Jay Roach,1999,53,f
"Map of the World, A",Scott Elliott,1999,50,f
Abstractions of Light and Motion in the City at Night,Jen Proctor,1999,49,t
Square Circle Triangle,Jen Proctor,1999,49,t
"Girl, Interrupted",James Mangold,1999,47,f
The Star Wars: Episode I - Phantom Menace,George Lucas,1999,45,f
"Hand to Mouth, Volume I",Michel Chevalier,1999,43,t
Goodbye Lover,Roland Joffé,1999,40,f
Dogma,Kevin Smith,1999,36,f
Peep Show,Charlie Call,1999,12,t
La Ultima Aceituna,Alicia Scherson,1999,2,t
Code inconnu,Michael Haneke,2000,79,f
"O Brother, Where Art Thou?",Joel Coen,2000,72,f
The Journal of Andrei Arsenevich,Chris Marker,2000,63,f
Endurance: Shackleton's Legendary Antarctic Expedition,George Butler,2000,62,f
Graveyard Jamboree with Mysterious Mose,Mark Caballero & Seamus Walsh,2000,58,t
Baise-moi,Virginie Despentes & Coralie Trinh Thi,2000,56,f
"Nico and Dani (\""Krámpack\"")",Cesc Gay,2000,50,f
The Two Boys,Jason Livingston,2000,50,t
"Me, Myself & Irene",Peter Farrelly & Bobby Farrelly,2000,48,f
Naked States,Arlene Donnelly,2000,42,f
"Just, Melvin",James Ronald Whitney,2000,41,f
Time Code,Mike Figgis,2000,41,f
A.I. Artificial Intelligence,Steven Spielberg,2001,72,f
"Monsters, Inc.",Pete Doctor,2001,66,f
The Atanarjuat: Fast Runner,Zacharias Kunuk,2001,62,f
The Lord of the Rings: Fellowship of the Ring,Peter Jackson,2001,60,f
A.B.C Africa,Abbas Kiarostami,2001,56,f
"Beautiful Mind, A",Ron Howard,2001,28,f
Last Orders,Fred Schepisi,2002,59,f
Gentle-Man,Sean Reynard & Tom Meeten,2002,51,f
P.I.F.,Sean Reynard & Tom Meeten,2002,40,f
